0.753,0.506,0.286,0.306,0.966,-0.165,-0.233,-28.5,-0.75,10.688
0.755,0.508,0.284,0.302,0.968,-0.12,-0.233,-30.062,3.562,8.875
0.756,0.509,0.281,0.3,0.973,-0.123,-0.258,-26,-2.188,2.812
0.757,0.51,0.278,0.298,0.995,-0.141,-0.259,-23.312,-7.375,-2.875
0.759,0.511,0.274,0.297,0.966,-0.081,-0.323,-22.375,-2.625,-3
0.759,0.511,0.271,0.297,0.902,-0.029,-0.322,-16,-0.312,-4.625
0.76,0.513,0.268,0.297,0.94,-0.053,-0.293,-16.438,0.375,-6.438
0.76,0.514,0.266,0.296,0.993,-0.096,-0.305,-13.812,4.875,-0.5
0.76,0.514,0.267,0.295,1.026,-0.131,-0.321,-3.312,6.25,6.812
0.761,0.513,0.269,0.293,0.988,-0.08,-0.367,3.938,0.875,15
0.762,0.511,0.27,0.293,0.949,-0.092,-0.312,6.875,-9.188,12.125
0.762,0.509,0.271,0.294,0.943,-0.099,-0.283,8.562,-8.75,5.062
0.762,0.508,0.272,0.295,0.917,-0.078,-0.271,6.812,-3.688,-2.562
0.761,0.508,0.272,0.297,0.933,-0.087,-0.295,5.375,0.25,-7.312
0.761,0.508,0.272,0.298,0.952,-0.097,-0.308,7.25,2.438,-4.25
0.76,0.508,0.272,0.3,0.923,-0.11,-0.283,5,-5.125,-6.938
0.76,0.507,0.271,0.303,0.926,-0.087,-0.243,1.562,-11.125,-17.375
0.759,0.508,0.268,0.306,0.932,-0.055,-0.262,-2.688,-1.562,-21.25
0.758,0.51,0.266,0.308,0.946,-0.043,-0.29,-6.5,2.625,-15.438
0.758,0.51,0.264,0.309,0.977,-0.043,-0.296,-8.625,-5.875,-8.812
0.759,0.51,0.262,0.309,0.974,-0.082,-0.26,-11.438,-12.188,-3.812
0.761,0.509,0.259,0.308,0.956,-0.097,-0.263,-16.75,-16.125,-1.062
0.763,0.508,0.255,0.308,0.925,-0.055,-0.282,-19.688,-14.5,-6.812
0.764,0.508,0.25,0.308,0.932,-0.039,-0.289,-27.312,-16.75,-10.5
0.766,0.508,0.246,0.307,0.934,-0.082,-0.336,-26.875,-7.5,-4.438
0.768,0.509,0.242,0.305,0.93,-0.088,-0.33,-23.625,-6.375,-3
0.769,0.509,0.239,0.305,0.953,-0.054,-0.316,-21.938,-8.812,-9.125
0.769,0.51,0.235,0.305,0.952,-0.032,-0.324,-20.875,-0.25,-9.812
0.77,0.512,0.232,0.303,0.917,-0.022,-0.347,-20.25,3.188,-1.625
0.77,0.512,0.23,0.302,0.945,-0.029,-0.344,-17.188,-0.812,2.375
0.772,0.511,0.229,0.3,0.966,-0.076,-0.332,-14.438,-7.938,7.312
0.774,0.51,0.228,0.298,0.958,-0.085,-0.32,-10.75,-15.312,9.5
0.776,0.508,0.227,0.296,0.956,-0.083,-0.301,-10.938,-15.75,9.438
0.778,0.507,0.226,0.294,0.925,-0.066,-0.326,-13.812,-5.875,10.938
0.779,0.507,0.226,0.291,0.89,-0.075,-0.361,-13.438,-2.188,13.938
0.782,0.505,0.225,0.289,0.918,-0.067,-0.351,-11.062,-11.125,15.438
0.784,0.502,0.225,0.287,0.936,-0.048,-0.377,-3.688,-13.5,14.062
0.786,0.5,0.226,0.286,0.907,-0.054,-0.394,0,-13.5,15.438
0.789,0.496,0.227,0.284,0.899,-0.079,-0.381,-1.312,-18,21.938
0.792,0.492,0.228,0.281,0.913,-0.088,-0.376,1,-19.375,24.75
0.793,0.489,0.23,0.281,0.898,-0.107,-0.332,8.688,-15.188,13.688
0.793,0.489,0.232,0.281,0.908,-0.12,-0.328,5.938,-2.938,-0.688
0.791,0.49,0.232,0.283,0.899,-0.103,-0.337,5.188,7.375,-10.25
0.8,0.424,0.26,0.335,0.849,-0.113,-0.474,-4.188,2.562,3.312
0.8,0.424,0.26,0.335,0.853,-0.132,-0.484,-2.312,-0.5,1
0.8,0.423,0.26,0.336,0.85,-0.151,-0.474,1.812,-3.312,-3.562
0.8,0.423,0.26,0.338,0.86,-0.149,-0.447,4,-1.812,-11.125
0.798,0.423,0.26,0.34,0.858,-0.162,-0.449,4.688,-0.062,-16.5
0.797,0.423,0.26,0.343,0.869,-0.149,-0.471,6.625,-3.312,-17.375
0.796,0.422,0.259,0.346,0.874,-0.121,-0.479,7.938,-6.562,-18.562
0.795,0.422,0.258,0.35,0.856,-0.094,-0.464,7.25,-6.438,-20.688
0.794,0.422,0.258,0.354,0.87,-0.104,-0.433,5.312,-2.938,-20.25
0.793,0.423,0.257,0.356,0.903,-0.088,-0.47,4.562,0.5,-15
0.792,0.423,0.257,0.358,0.901,-0.063,-0.471,3.625,-2.125,-8.875
0.791,0.423,0.256,0.359,0.904,-0.048,-0.448,-0.938,-1.25,-3.312
0.792,0.424,0.256,0.358,0.905,-0.056,-0.456,-6.75,1.5,6.75
0.793,0.424,0.255,0.355,0.891,-0.074,-0.491,-9.25,0.875,16.438
0.794,0.424,0.255,0.352,0.88,-0.075,-0.471,-9.875,-3,16.625
0.795,0.424,0.254,0.35,0.866,-0.085,-0.457,-13.625,2.25,12.188
0.796,0.425,0.253,0.347,0.883,-0.084,-0.467,-15.438,4.375,12.312
0.798,0.426,0.252,0.344,0.884,-0.084,-0.48,-16.562,2.875,15.375
0.799,0.426,0.251,0.341,0.875,-0.092,-0.492,-14.938,1.188,17.188
0.801,0.426,0.251,0.338,0.852,-0.109,-0.479,-12.812,0.75,14.375
0.801,0.427,0.251,0.336,0.859,-0.139,-0.46,-10.375,3.375,7
0.801,0.427,0.25,0.335,0.876,-0.146,-0.44,-8.125,2.938,3
0.802,0.428,0.25,0.334,0.877,-0.144,-0.446,-7.438,3.25,1.25
0.802,0.428,0.25,0.334,0.855,-0.131,-0.481,-5.5,2.188,-1.062
0.802,0.428,0.249,0.334,0.836,-0.126,-0.499,-2.938,1.25,-3.438
0.802,0.427,0.249,0.336,0.826,-0.113,-0.497,0.875,-4.75,-8
0.801,0.427,0.248,0.338,0.855,-0.12,-0.467,3.438,0.125,-12.562
0.799,0.428,0.249,0.34,0.884,-0.12,-0.458,6.125,1.625,-16.875
0.798,0.429,0.248,0.344,0.885,-0.094,-0.432,5.438,-0.688,-22.75
0.796,0.43,0.247,0.347,0.895,-0.083,-0.439,2.75,1.625,-19.438
0.795,0.43,0.247,0.348,0.893,-0.052,-0.464,2,-1.938,-7.562
0.796,0.43,0.246,0.349,0.887,-0.049,-0.451,-1.875,-5.125,0.688
0.796,0.43,0.246,0.347,0.902,-0.085,-0.453,-5.062,-1.5,8.812
0.797,0.43,0.247,0.344,0.904,-0.09,-0.442,-7.812,3.062,18.625
0.799,0.43,0.247,0.34,0.91,-0.08,-0.442,-11.312,-0.125,23.625
0.801,0.43,0.247,0.336,0.894,-0.096,-0.449,-14.75,-1.312,25.25
0.803,0.43,0.247,0.331,0.86,-0.125,-0.477,-15.312,1.938,27.375
0.805,0.428,0.248,0.326,0.842,-0.134,-0.517,-10.062,0.312,29.375
0.807,0.427,0.25,0.323,0.871,-0.14,-0.471,-2.312,-1.562,23.5
0.807,0.427,0.252,0.321,0.863,-0.166,-0.438,2.375,3.438,11.188
0.806,0.428,0.253,0.322,0.852,-0.16,-0.462,4.312,13,-3.562
0.804,0.43,0.254,0.324,0.867,-0.144,-0.485,6.812,13.375,-14.562
0.802,0.431,0.254,0.327,0.859,-0.106,-0.478,9.062,5.312,-19.5
0.8,0.431,0.254,0.331,0.855,-0.091,-0.477,14.625,3.312,-23.188
0.798,0.431,0.254,0.336,0.809,-0.083,-0.467,14,1.062,-22.312
0.796,0.432,0.255,0.339,0.821,-0.08,-0.449,10.875,7.125,-18.875
0.795,0.433,0.255,0.341,0.895,-0.091,-0.444,6.438,4.75,-6.875
0.795,0.432,0.256,0.34,0.91,-0.091,-0.458,2.812,-3.438,9.312
0.798,0.429,0.257,0.337,0.862,-0.074,-0.488,-0.938,-13.75,24.688
0.801,0.425,0.257,0.334,0.84,-0.109,-0.462,-4.75,-15.562,31.125
0.804,0.423,0.258,0.33,0.874,-0.131,-0.447,-6.688,-12.562,28.5
0.805,0.421,0.259,0.327,0.897,-0.148,-0.432,-6.688,-9.625,21
0.807,0.42,0.259,0.326,0.894,-0.173,-0.44,-6.625,-8.812,10
0.806,0.421,0.258,0.326,0.885,-0.148,-0.449,-5.375,-1.375,-4.312
0.806,0.422,0.256,0.327,0.896,-0.133,-0.433,-7.25,2.375,-13.875
0.804,0.424,0.255,0.329,0.897,-0.115,-0.421,-5.75,1.938,-18.75
0.803,0.426,0.252,0.331,0.891,-0.121,-0.458,-7.75,1.25,-20
0.803,0.427,0.251,0.333,0.895,-0.099,-0.487,-7.125,2.75,-11.312
0.803,0.428,0.25,0.333,0.869,-0.086,-0.508,-6.5,4,-1.5
0.803,0.428,0.25,0.332,0.881,-0.11,-0.49,-4.438,2.375,5.438
0.804,0.427,0.25,0.329,0.881,-0.146,-0.461,-4.438,-0.438,12.938
0.805,0.427,0.251,0.327,0.888,-0.169,-0.422,-7.75,-3.25,16.688
0.806,0.427,0.252,0.324,0.902,-0.175,-0.416,-10.75,2.062,13.5
0.806,0.429,0.252,0.321,0.886,-0.157,-0.434,-10.688,12.312,9.875
0.805,0.431,0.253,0.318,0.894,-0.146,-0.416,-8.562,12.375,9.75
0.805,0.434,0.254,0.315,0.917,-0.164,-0.387,-8.25,14.062,9.875
0.746,0.495,0.287,0.342,0.886,-0.079,-0.316,-9.938,-18.125,-11.125
0.746,0.495,0.285,0.342,0.9,-0.051,-0.317,-11.812,-5.812,-6.25
0.746,0.496,0.284,0.341,0.952,-0.081,-0.314,-7.312,8.625,0.375
0.746,0.497,0.285,0.34,0.994,-0.11,-0.314,-6.25,7.938,3.5
0.746,0.497,0.284,0.339,0.951,-0.095,-0.32,-7.438,-0.125,2.938
0.748,0.496,0.283,0.339,0.92,-0.087,-0.316,-6.625,-7.25,2.188
0.749,0.495,0.283,0.338,0.919,-0.094,-0.31,-7.375,-4.75,4.5
0.75,0.495,0.282,0.336,0.919,-0.093,-0.301,-9.438,-1.812,6.125
0.75,0.495,0.281,0.335,0.935,-0.077,-0.294,-10.25,-0.812,5.312
0.751,0.496,0.28,0.334,0.936,-0.068,-0.296,-7.938,1.938,2.562
0.751,0.496,0.28,0.334,0.941,-0.088,-0.298,-5.75,-1.125,-0.5
0.751,0.496,0.279,0.334,0.944,-0.099,-0.306,-5.5,-5.438,-3.125
0.752,0.496,0.277,0.335,0.935,-0.082,-0.304,-6.812,-5.5,-5.312
0.752,0.496,0.276,0.335,0.926,-0.059,-0.305,-6.375,-4.062,-1.875
0.752,0.496,0.275,0.334,0.92,-0.063,-0.318,-6.938,2.75,-1
0.753,0.497,0.274,0.334,0.967,-0.07,-0.322,-7.438,-1.125,-1.188
0.753,0.496,0.273,0.335,0.978,-0.048,-0.321,-5.625,-9.812,-0.812
0.755,0.494,0.271,0.335,0.954,-0.057,-0.314,-4.875,-15.5,-0.688
0.756,0.492,0.27,0.335,0.924,-0.063,-0.345,-5.375,-11.562,4.062
0.758,0.491,0.27,0.334,0.928,-0.073,-0.339,-3.062,-9.438,10.625
0.759,0.491,0.271,0.333,0.938,-0.05,-0.293,-3.438,-1.688,12
0.759,0.49,0.271,0.332,0.926,-0.027,-0.331,-2.875,-3.25,11.312
0.761,0.488,0.27,0.33,0.904,-0.043,-0.358,-3.438,-11.438,14.312
0.764,0.485,0.27,0.329,0.913,-0.084,-0.362,-2.625,-14.562,15.25
0.765,0.484,0.272,0.328,0.901,-0.117,-0.354,0.562,-1.188,11.5
0.764,0.485,0.274,0.326,0.913,-0.159,-0.285,0.5,8.938,5.5
0.763,0.487,0.274,0.326,0.967,-0.18,-0.232,-4.75,10.375,-7.062
0.76,0.49,0.274,0.326,0.991,-0.155,-0.257,-6.562,10.875,-17.75
0.759,0.492,0.272,0.328,0.964,-0.093,-0.313,-3.938,8.938,-18.438
0.757,0.494,0.271,0.331,0.896,-0.025,-0.318,0.438,3.438,-17.875
0.756,0.495,0.269,0.334,0.876,-0.035,-0.282,-0.438,2.688,-23.875
0.754,0.498,0.267,0.336,0.95,-0.061,-0.295,-5.688,7,-21.5
0.753,0.498,0.266,0.336,0.992,-0.047,-0.345,-6,2.875,-5.312
0.755,0.497,0.265,0.336,0.991,-0.022,-0.338,-5.562,-9.562,4.375
0.756,0.496,0.264,0.336,0.964,-0.042,-0.323,-2.812,-14.375,6
0.758,0.493,0.264,0.336,0.955,-0.076,-0.339,0.25,-13.875,10.438
0.76,0.491,0.265,0.334,0.933,-0.099,-0.321,-2.125,-12.312,16.312
0.762,0.489,0.266,0.331,0.942,-0.08,-0.319,-2.688,-11.812,20.125
0.764,0.486,0.267,0.33,0.962,-0.068,-0.348,-1.312,-12.5,20.125
0.766,0.483,0.268,0.328,0.954,-0.071,-0.377,3.188,-15.875,19.625
0.768,0.479,0.269,0.328,0.912,-0.102,-0.385,8.125,-18,13.875
0.769,0.476,0.271,0.329,0.891,-0.137,-0.344,9.375,-12,6.5
0.768,0.476,0.273,0.329,0.872,-0.149,-0.306,9.25,5.25,-2.75
0.831,0.46,0.208,0.232,0.906,-0.151,-0.442,-8.25,-25.375,2.375
0.833,0.458,0.207,0.232,0.868,-0.135,-0.426,-7.75,-18.5,0.375
0.833,0.458,0.206,0.232,0.851,-0.105,-0.452,-8.938,-0.5,1.688
0.833,0.458,0.205,0.23,0.879,-0.09,-0.496,-6.375,4.938,6.25
0.834,0.458,0.205,0.23,0.936,-0.113,-0.479,-1.188,-4.25,4.625
0.835,0.456,0.205,0.23,0.919,-0.147,-0.453,0.125,-11.312,1.312
0.835,0.455,0.205,0.231,0.851,-0.142,-0.458,-1.125,-10.5,-2.062
0.835,0.455,0.205,0.232,0.847,-0.121,-0.452,0.375,-0.375,-3.188
0.834,0.456,0.206,0.231,0.886,-0.122,-0.456,1.75,9.625,1.188
0.833,0.457,0.207,0.231,0.916,-0.125,-0.479,3.312,11.438,2.688
0.833,0.458,0.208,0.231,0.913,-0.114,-0.466,5.562,4.688,2.25
0.833,0.457,0.209,0.232,0.897,-0.119,-0.458,7.312,-3.125,1.938
0.833,0.456,0.211,0.232,0.872,-0.122,-0.472,9.875,-0.125,3.625
0.832,0.456,0.213,0.232,0.858,-0.122,-0.477,10.125,5.562,7.625
0.832,0.456,0.215,0.231,0.855,-0.131,-0.479,8.938,6.312,12.812
0.833,0.454,0.218,0.23,0.899,-0.127,-0.477,10.312,-4.625,18.188
0.835,0.45,0.221,0.229,0.896,-0.139,-0.488,15,-19.062,21.688
0.837,0.445,0.224,0.229,0.825,-0.169,-0.456,18.312,-23.938,18.938
0.838,0.441,0.226,0.229,0.802,-0.164,-0.4,14.312,-16.812,12.312
0.837,0.441,0.229,0.229,0.823,-0.167,-0.41,13.188,-0.812,5.5
0.836,0.44,0.232,0.229,0.837,-0.161,-0.484,15.5,5.062,4.562
0.836,0.44,0.234,0.231,0.835,-0.156,-0.494,15.625,2,1.75
0.835,0.439,0.235,0.232,0.866,-0.167,-0.425,11.562,-1.625,-3
0.834,0.441,0.236,0.233,0.868,-0.166,-0.391,5.188,9.812,-7.875
0.831,0.445,0.236,0.235,0.82,-0.121,-0.419,3.25,19.688,-13.625
0.829,0.448,0.235,0.238,0.824,-0.125,-0.45,2.375,18.188,-20.438
0.827,0.451,0.234,0.241,0.885,-0.131,-0.428,0.062,15.562,-23.438
0.824,0.455,0.232,0.244,0.919,-0.175,-0.433,-2.125,17.125,-28.812
0.821,0.459,0.231,0.249,0.811,-0.178,-0.394,-1.062,22.062,-38.938
0.817,0.465,0.228,0.253,0.81,-0.175,-0.329,-8.188,23.125,-46.688
0.812,0.473,0.224,0.257,0.877,-0.112,-0.358,-14.75,40.375,-44.375
0.807,0.482,0.222,0.257,0.928,-0.111,-0.455,-16.25,55.812,-25.75
0.805,0.486,0.221,0.258,1.045,-0.08,-0.481,-5.25,25.375,-11.688
0.807,0.482,0.221,0.26,1.071,-0.106,-0.423,5.312,-29.562,-1.75
0.811,0.476,0.22,0.261,0.986,-0.169,-0.371,1.375,-47.312,4.5
0.814,0.471,0.22,0.26,0.851,-0.12,-0.408,-1.938,-31.562,16.188
0.816,0.467,0.222,0.257,0.854,-0.109,-0.451,1.312,-13.688,24.125
0.818,0.464,0.224,0.255,0.911,-0.145,-0.435,6.812,-10.875,20.438
0.801,0.489,0.198,0.283,0.934,-0.065,-0.415,10.375,12.188,2.062
0.8,0.489,0.2,0.283,0.989,-0.075,-0.349,8.625,2.875,1.312
0.8,0.489,0.201,0.284,0.999,-0.064,-0.329,2.188,-9.812,0.312
0.801,0.488,0.2,0.284,0.954,-0.062,-0.348,-4.062,-12.625,-0.062
0.802,0.486,0.199,0.284,0.908,-0.067,-0.351,-9.312,-16.625,-3.875
0.803,0.485,0.196,0.285,0.901,-0.039,-0.378,-10.688,-13.562,-10.75
0.804,0.485,0.193,0.286,0.884,-0.021,-0.394,-11.375,-10.062,-11.062
0.804,0.484,0.19,0.287,0.855,0.009,-0.409,-11.5,-9.938,-10.25
0.804,0.485,0.187,0.288,0.897,0.023,-0.429,-12.188,-1.438,-7.25
0.804,0.486,0.186,0.287,0.904,0.006,-0.434,-10.562,5.062,1.125
0.805,0.486,0.185,0.286,0.922,0,-0.439,-7.625,3.5,5.75
0.805,0.486,0.185,0.284,0.931,-0.005,-0.457,-4.625,1.75,6.562
0.805,0.486,0.186,0.284,0.902,-0.002,-0.451,-1.188,0.625,6.938
0.806,0.486,0.186,0.283,0.882,-0.003,-0.421,-2.062,1.625,9.188
0.806,0.487,0.187,0.281,0.899,-0.013,-0.413,-3.688,8,10.125
0.805,0.488,0.188,0.279,0.922,-0.027,-0.421,-4.188,11.312,11.188
0.806,0.488,0.189,0.277,0.949,-0.017,-0.416,-1.188,2.75,10.25
0.806,0.487,0.19,0.277,0.932,-0.015,-0.4,2.25,-3.562,7.625
0.806,0.487,0.19,0.276,0.881,-0.034,-0.38,0.312,-3,3.688
0.806,0.487,0.19,0.276,0.873,-0.045,-0.386,-3.312,3.562,3.125
0.806,0.489,0.191,0.275,0.923,-0.037,-0.396,-5,9.875,3.438
0.805,0.49,0.191,0.273,0.958,-0.037,-0.411,-2.688,5.25,5.938
0.806,0.489,0.192,0.273,0.931,-0.042,-0.405,-0.562,-5.875,8.75
0.808,0.487,0.192,0.271,0.898,-0.058,-0.396,-1.188,-10,10.688
0.809,0.485,0.193,0.269,0.866,-0.063,-0.42,-2.125,-11.062,15.812
0.811,0.483,0.194,0.268,0.853,-0.065,-0.435,-0.688,-6.812,15.5
0.812,0.481,0.195,0.266,0.861,-0.077,-0.426,0.125,-4.625,11.75
0.7,0.485,0.294,0.434,0.939,0.004,-0.302,-11.812,-3,7
0.701,0.486,0.293,0.432,0.956,0.003,-0.316,-11.938,-1.062,8.312
0.703,0.485,0.292,0.43,0.953,0.004,-0.316,-13,-5.312,10.062
0.705,0.485,0.291,0.428,0.93,-0.005,-0.305,-13.062,-8.875,9
0.707,0.484,0.29,0.427,0.936,-0.014,-0.31,-12.938,-7.312,6.75
0.708,0.484,0.289,0.426,0.946,-0.014,-0.299,-11.562,-6.188,3
0.709,0.484,0.288,0.425,0.941,-0.011,-0.314,-10.062,-5.688,0.625
0.71,0.483,0.286,0.425,0.921,-0.004,-0.333,-7.438,-5.375,-1.062
0.71,0.483,0.286,0.425,0.92,0.01,-0.334,-5,-1.875,-2.188
0.71,0.483,0.285,0.425,0.94,0.025,-0.33,-4.438,-1.625,-1.125
0.71,0.483,0.284,0.425,0.937,0.029,-0.324,-5.5,-2.25,0.438
0.711,0.483,0.283,0.425,0.931,0.034,-0.329,-5.062,-3.625,3.188
0.712,0.483,0.283,0.424,0.95,0.033,-0.321,-5.812,-3.438,2.688
0.712,0.483,0.282,0.424,0.932,0.029,-0.322,-6.375,-1.25,3.375
0.713,0.483,0.282,0.423,0.934,0.025,-0.339,-6.875,-0.438,6.25
0.714,0.483,0.281,0.421,0.947,0.018,-0.333,-7.625,0.25,8.375
0.715,0.483,0.281,0.42,0.974,0.004,-0.313,-8,-3.438,9.75
0.717,0.482,0.281,0.418,0.978,0,-0.311,-10.062,-6.5,14.312
0.719,0.482,0.281,0.416,0.949,0.001,-0.328,-9.812,-7.375,14.25
0.72,0.481,0.281,0.413,0.938,-0.003,-0.335,-10.688,-4.25,13.75
0.721,0.481,0.281,0.411,0.945,-0.001,-0.322,-8.75,3,11.562
0.722,0.482,0.281,0.409,0.957,-0.014,-0.324,-7.875,2.688,14.562
0.724,0.481,0.282,0.406,0.956,-0.013,-0.333,-8.938,0.375,19.812
0.726,0.481,0.283,0.402,0.953,-0.024,-0.332,-9.062,0.562,22.375
0.728,0.48,0.284,0.399,0.942,-0.033,-0.333,-7.062,-0.938,22.562
0.729,0.479,0.285,0.396,0.938,-0.033,-0.326,-7,0.062,21.062
0.73,0.479,0.287,0.394,0.926,-0.035,-0.329,-3.625,3.312,17.188
0.731,0.478,0.287,0.392,0.938,-0.042,-0.317,-1.125,-0.938,10.75
0.731,0.478,0.288,0.392,0.935,-0.053,-0.306,-0.562,-1.812,2.5
0.73,0.479,0.288,0.393,0.91,-0.056,-0.307,1.312,3.812,-6.375
0.729,0.48,0.288,0.395,0.927,-0.05,-0.305,1.5,5.625,-15.5
0.726,0.482,0.288,0.397,0.943,-0.035,-0.301,4.562,10.5,-21.875
0.723,0.484,0.287,0.4,0.928,-0.02,-0.313,6.312,11.688,-24.062
0.719,0.487,0.287,0.404,0.921,-0.003,-0.313,6.875,15.688,-26.062
0.716,0.489,0.287,0.406,0.941,-0.01,-0.287,4.938,12.188,-24.125
0.714,0.491,0.287,0.409,0.966,0,-0.295,3.75,11.125,-18.688
0.712,0.492,0.286,0.41,0.964,0.003,-0.293,2.125,3.75,-11.5
0.75,0.471,0.298,0.355,0.954,-0.076,-0.354,4.625,-4.5,28.312
0.752,0.468,0.301,0.352,0.904,-0.078,-0.389,7.812,-2.625,33.5
0.753,0.467,0.305,0.348,0.85,-0.119,-0.354,5.875,7.5,32.5
0.754,0.466,0.309,0.345,0.858,-0.148,-0.335,6.375,10.5,25.688
0.754,0.466,0.312,0.343,0.937,-0.154,-0.316,7.812,11.875,18.5
0.753,0.466,0.314,0.342,0.938,-0.132,-0.303,6.062,3.625,11.562
0.753,0.465,0.315,0.342,0.865,-0.119,-0.32,6.25,0,6.125
0.753,0.465,0.316,0.343,0.83,-0.097,-0.333,6.938,4.562,0.25
0.751,0.466,0.316,0.344,0.865,-0.059,-0.328,6.562,9.938,-3.188
0.75,0.466,0.316,0.345,0.892,-0.032,-0.318,4.875,4.875,-2.25
0.75,0.466,0.316,0.347,0.87,-0.041,-0.323,2.562,-2.562,-2.188
0.75,0.466,0.314,0.348,0.83,-0.061,-0.322,0.625,-3.625,-6.25
0.749,0.467,0.313,0.35,0.808,-0.081,-0.302,-0.688,6.688,-11.062
0.747,0.47,0.312,0.352,0.839,-0.073,-0.299,-1.875,13.25,-18.938
0.744,0.473,0.31,0.355,0.904,-0.09,-0.264,-4.25,5.438,-30.875
0.742,0.475,0.306,0.359,0.929,-0.139,-0.278,-6.5,-2.312,-34.875
0.741,0.476,0.303,0.363,0.864,-0.155,-0.263,-8.312,-4.5,-34.25
0.739,0.479,0.3,0.367,0.909,-0.155,-0.244,-7.812,-4.188,-40.812
0.737,0.48,0.296,0.372,1.044,-0.146,-0.257,-6.312,-8.25,-41.438
0.738,0.479,0.292,0.376,1.093,-0.152,-0.303,-10.5,-27.688,-30.562
0.74,0.477,0.288,0.378,1.016,-0.119,-0.329,-12.5,-31.938,-17.062
0.741,0.475,0.284,0.38,0.965,-0.078,-0.338,-8.25,-24.625,-12.625
0.742,0.473,0.283,0.381,1.046,-0.101,-0.347,-3.438,-16.5,-1.312
0.785,0.483,0.238,0.306,0.875,-0.107,-0.388,8.438,1.75,-14.625
0.783,0.485,0.239,0.307,0.917,-0.084,-0.332,2.312,13.688,-8.188
0.781,0.489,0.24,0.307,0.995,-0.032,-0.332,-3.188,20.25,-2.188
0.78,0.491,0.239,0.306,1.023,-0.053,-0.346,-3.188,8.875,-3.062
0.78,0.49,0.239,0.308,1.004,-0.056,-0.365,-1.375,-8,-5.25
0.78,0.489,0.237,0.309,0.959,-0.062,-0.357,0.625,-13.938,-7.312
0.78,0.489,0.236,0.311,0.905,-0.077,-0.341,-2.312,-5.25,-10.5
0.779,0.49,0.235,0.311,0.927,-0.075,-0.338,-9.312,5.875,-9.688
0.779,0.492,0.234,0.311,0.972,-0.055,-0.344,-11.25,6,-4.625
0.778,0.494,0.233,0.31,0.987,-0.053,-0.356,-11.188,4,-4.062
0.779,0.493,0.231,0.31,0.976,-0.053,-0.333,-11.188,-10.875,-4
0.781,0.492,0.228,0.31,0.962,-0.048,-0.33,-14.125,-17.438,0.812
0.783,0.491,0.226,0.308,0.923,-0.029,-0.393,-15.688,-12.75,4.75
0.785,0.489,0.224,0.308,0.887,-0.024,-0.417,-11.125,-16.188,4.562
0.788,0.485,0.221,0.308,0.901,-0.058,-0.398,-8,-25.25,1.312
0.79,0.482,0.219,0.309,0.914,-0.075,-0.389,-8.25,-27.875,-2.688
0.792,0.48,0.217,0.309,0.856,-0.066,-0.366,-10.25,-20.312,-3.938
0.793,0.478,0.214,0.31,0.839,-0.049,-0.395,-11.5,-13.062,-4.312
0.793,0.479,0.212,0.31,0.903,-0.008,-0.441,-9.5,-1,-6.625
0.793,0.479,0.211,0.311,0.928,0.005,-0.442,-3.375,3.125,-2.875
0.794,0.478,0.211,0.312,0.902,-0.02,-0.421,-0.125,-7.812,-3.062
0.794,0.477,0.209,0.313,0.87,-0.041,-0.393,-4.625,-7.625,-8.25
0.794,0.478,0.208,0.313,0.885,-0.035,-0.383,-5.125,1.062,-7
0.801,0.473,0.206,0.304,0.895,-0.015,-0.422,-7.75,-13.938,-7.812
0.802,0.471,0.204,0.305,0.904,-0.034,-0.434,-6.375,-13.25,-7.125
0.803,0.47,0.202,0.306,0.916,-0.033,-0.424,-6.688,-13.562,-6.25
0.803,0.469,0.2,0.307,0.908,-0.017,-0.433,-7.375,-11.125,-6.812
0.804,0.468,0.198,0.308,0.899,-0.005,-0.458,-7.125,-8.562,-8.125
0.805,0.467,0.196,0.309,0.899,-0.015,-0.456,-6.125,-10.75,-5.625
0.806,0.466,0.194,0.31,0.909,-0.029,-0.438,-5.562,-15.062,-4
0.807,0.464,0.193,0.31,0.905,-0.034,-0.431,-7.562,-14.375,-3.5
0.807,0.464,0.191,0.311,0.881,-0.025,-0.444,-7.375,-8.375,-2.5
0.808,0.463,0.19,0.311,0.863,-0.014,-0.453,-6.438,-5.938,-3.688
0.808,0.463,0.189,0.311,0.888,-0.02,-0.442,-7.312,-6.562,-3.688
0.809,0.463,0.187,0.311,0.898,-0.022,-0.435,-7.312,-5.062,-3.562
0.809,0.462,0.186,0.311,0.896,-0.009,-0.461,-6.312,-5.75,-2.688
0.81,0.461,0.185,0.312,0.891,-0.005,-0.456,-5.438,-9.625,-2.75
0.81,0.461,0.184,0.312,0.896,-0.009,-0.458,-3.812,-7.125,-2.312
0.811,0.46,0.183,0.312,0.876,-0.001,-0.475,-4.312,-4.188,-0.375
0.811,0.46,0.183,0.312,0.868,-0.011,-0.473,-4.125,-0.625,1.062
0.811,0.46,0.183,0.311,0.902,-0.02,-0.46,-4,1.125,2.375
0.811,0.46,0.183,0.311,0.928,-0.019,-0.459,-2.625,0.188,4.188
0.811,0.46,0.184,0.31,0.926,-0.013,-0.468,0.438,-1.812,4.625
0.812,0.46,0.185,0.31,0.901,-0.003,-0.471,1.75,-1.875,6.188
0.812,0.459,0.186,0.309,0.888,-0.014,-0.475,2.25,0.5,9.125
0.671,0.457,0.342,0.474,0.978,-0.003,-0.316,3.312,-2.688,-8.938
0.67,0.457,0.342,0.475,0.963,-0.002,-0.296,3.812,0,-4.688
0.669,0.457,0.342,0.475,0.932,0.005,-0.292,1.688,-2.375,-1.062
0.67,0.456,0.342,0.475,0.944,0,-0.299,-2,-2.562,1.312
0.671,0.456,0.341,0.476,0.941,0,-0.325,-3.5,-6.25,2.25
0.672,0.455,0.34,0.476,0.941,0.017,-0.304,-4.5,-12.125,2.438
0.673,0.454,0.338,0.476,0.94,0.011,-0.29,-7.938,-11.438,2.25
0.674,0.453,0.336,0.477,0.944,0.019,-0.313,-5.812,-10.375,0.062
0.675,0.453,0.334,0.477,0.922,0.018,-0.337,-6.562,-9.375,-1.938
0.675,0.453,0.333,0.478,0.911,0.019,-0.31,-9.125,-6,-3.438
0.676,0.454,0.331,0.477,0.917,0.016,-0.33,-12.375,-1.438,-1.062
0.677,0.454,0.329,0.476,0.938,0.012,-0.361,-12.312,-0.75,4.625
0.678,0.454,0.328,0.475,0.963,0.02,-0.347,-11.812,-6.25,6.062
0.68,0.454,0.326,0.475,0.97,0.009,-0.32,-10.625,-9.625,3.812
0.682,0.453,0.325,0.474,0.935,-0.002,-0.319,-10.375,-11,6.938
0.684,0.452,0.324,0.473,0.921,-0.02,-0.345,-9.875,-11.5,11.062
0.686,0.451,0.323,0.471,0.899,-0.043,-0.355,-8.688,-6.375,8.875
0.687,0.45,0.323,0.47,0.917,-0.063,-0.365,-7,-2.812,4.125
0.688,0.449,0.322,0.471,0.943,-0.064,-0.37,-3.125,-2.75,-1.062
0.687,0.449,0.322,0.471,0.925,-0.066,-0.342,0.25,-0.625,-7.688
0.686,0.449,0.322,0.473,0.908,-0.069,-0.322,1.938,-3.812,-12
0.685,0.448,0.322,0.475,0.923,-0.057,-0.329,4.75,-3.562,-15.312
0.684,0.448,0.321,0.478,0.943,-0.022,-0.337,8.5,-4.312,-17.125
0.682,0.448,0.321,0.481,0.93,0.004,-0.333,7.812,-3.25,-17.562
0.68,0.449,0.32,0.483,0.937,0.027,-0.293,4.312,-2.562,-13.375
0.679,0.449,0.32,0.484,0.979,0.05,-0.311,1.062,0.625,-3.438
0.704,0.473,0.311,0.428,0.95,0.001,-0.308,-8.312,-9.625,4.438
0.706,0.472,0.31,0.428,0.939,-0.001,-0.301,-9.875,-9.312,3.562
0.707,0.472,0.308,0.427,0.924,-0.019,-0.315,-10.25,-5.25,4.5
0.708,0.472,0.307,0.426,0.928,-0.03,-0.298,-10.188,-4.062,3.938
0.709,0.472,0.306,0.425,0.923,-0.035,-0.314,-11.875,-4.312,2
0.71,0.472,0.305,0.424,0.934,-0.022,-0.325,-11.625,-5.812,3.25
0.711,0.472,0.303,0.423,0.93,-0.003,-0.322,-11.062,-5.562,3.875
0.713,0.471,0.302,0.422,0.918,-0,-0.335,-11.5,-7,6.5
0.715,0.47,0.3,0.421,0.928,-0.037,-0.333,-11.688,-10.25,9.125
0.717,0.469,0.299,0.42,0.948,-0.041,-0.328,-12.062,-16.812,8.438
0.72,0.467,0.297,0.419,0.946,-0.034,-0.341,-11.562,-19,9.5
0.723,0.464,0.295,0.418,0.921,-0.034,-0.345,-10,-18.625,9.938
0.725,0.463,0.294,0.417,0.898,-0.059,-0.353,-8.688,-9.625,7.812
0.726,0.463,0.294,0.416,0.906,-0.057,-0.358,-8.875,-3.375,4.188
0.726,0.463,0.293,0.414,0.937,-0.048,-0.345,-11.25,1.375,5
0.727,0.464,0.293,0.412,0.942,-0.022,-0.365,-11.312,3.75,10.188
0.728,0.464,0.293,0.411,0.938,-0.022,-0.361,-7.812,2.625,10.688
0.729,0.464,0.293,0.409,0.945,-0.034,-0.363,-5.438,0.625,7.938
0.729,0.464,0.293,0.408,0.97,-0.04,-0.342,-2.875,-1.438,9.062
0.788,0.466,0.249,0.316,0.896,-0.085,-0.424,-11.25,-3.25,-1
0.788,0.467,0.247,0.316,0.905,-0.092,-0.425,-10.25,1.062,-0.938
0.788,0.467,0.246,0.316,0.921,-0.083,-0.402,-10.25,-1.5,-4.312
0.789,0.467,0.244,0.317,0.924,-0.083,-0.399,-6.375,-4.688,-7.5
0.789,0.466,0.243,0.318,0.905,-0.104,-0.403,-3,-7.688,-8.625
0.789,0.466,0.242,0.319,0.893,-0.106,-0.4,-3.812,-9.25,-9
0.789,0.466,0.24,0.321,0.874,-0.088,-0.387,-3.562,-3.438,-12.375
0.788,0.466,0.238,0.323,0.873,-0.056,-0.388,-5.062,-0.188,-16
0.787,0.468,0.237,0.325,0.905,-0.047,-0.395,-4.312,1.75,-14.625
0.786,0.468,0.236,0.327,0.942,-0.053,-0.411,-1.5,0,-13.625
0.786,0.469,0.234,0.329,0.933,-0.057,-0.388,-0.938,-3.688,-16.375
0.785,0.469,0.233,0.331,0.952,-0.057,-0.383,-1.188,-7.25,-16
0.785,0.468,0.232,0.333,0.965,-0.058,-0.405,-3.625,-9.125,-9.562
0.787,0.466,0.23,0.333,0.922,-0.044,-0.435,-7.188,-15.25,-0.812
0.788,0.465,0.228,0.333,0.903,-0.038,-0.441,-7.125,-14.5,3.312
0.789,0.463,0.227,0.333,0.892,-0.043,-0.418,-4.25,-11.375,1.5
0.79,0.462,0.227,0.333,0.92,-0.063,-0.416,-4.25,-7.312,0.312
0.79,0.462,0.227,0.332,0.937,-0.076,-0.427,-4.625,-2.312,3.125
0.791,0.462,0.227,0.331,0.923,-0.058,-0.417,-3.375,1.625,5.812
0.79,0.463,0.228,0.33,0.925,-0.041,-0.397,-2.125,3.5,7
0.791,0.463,0.229,0.329,0.952,-0.049,-0.419,-1.312,1.438,8.938
0.791,0.462,0.23,0.327,0.938,-0.062,-0.432,-0.25,-1.062,10.5
0.792,0.462,0.231,0.326,0.901,-0.067,-0.43,0.688,-1.938,9.562
0.792,0.461,0.232,0.326,0.912,-0.055,-0.427,1.312,0.75,8.688
0.72,0.423,0.376,0.401,0.941,-0.169,-0.306,2.562,-6.25,-6.375
0.719,0.424,0.375,0.403,0.937,-0.173,-0.281,0,-4,-11.5
0.719,0.425,0.373,0.404,0.953,-0.193,-0.282,-7.375,-3.438,-12.875
0.719,0.427,0.371,0.404,0.927,-0.164,-0.294,-17.438,-1.062,-7.562
0.72,0.429,0.367,0.403,0.946,-0.149,-0.291,-27.25,-2.75,-6.375
0.722,0.432,0.362,0.402,0.931,-0.138,-0.305,-34.375,-1.438,-4.5
0.724,0.435,0.357,0.399,0.917,-0.153,-0.331,-42.312,0.562,-3.938
0.726,0.438,0.351,0.397,0.932,-0.149,-0.345,-44.438,0.25,-3.062
0.729,0.441,0.346,0.393,0.941,-0.145,-0.32,-44.625,1.125,1.5
0.732,0.443,0.342,0.389,0.95,-0.16,-0.34,-40.938,1.25,10.375
0.734,0.445,0.339,0.384,0.959,-0.184,-0.333,-35.062,3.375,13
0.736,0.447,0.337,0.38,0.946,-0.181,-0.344,-30.375,8.062,12.875
0.738,0.448,0.336,0.376,0.941,-0.206,-0.35,-24.062,8.875,14.625
0.74,0.449,0.336,0.372,0.971,-0.213,-0.34,-16.688,6.625,13.938
0.741,0.449,0.337,0.369,0.951,-0.199,-0.326,-11.5,6.812,14.438
0.741,0.45,0.338,0.366,0.937,-0.211,-0.335,-8.312,9.312,14.938
0.742,0.45,0.339,0.363,0.955,-0.208,-0.324,-7.125,9.375,15.062
0.743,0.451,0.34,0.36,0.939,-0.183,-0.313,-6.625,7.062,16.25
0.743,0.45,0.342,0.358,0.929,-0.2,-0.326,-1.125,5.812,15.062
0.743,0.45,0.344,0.356,0.92,-0.193,-0.308,2.812,7.438,12
0.743,0.45,0.345,0.355,0.93,-0.179,-0.315,3.688,7,9.438
0.666,0.419,0.352,0.507,0.956,-0.031,-0.343,-2.562,3.062,-2.625
0.666,0.42,0.352,0.506,0.932,-0.027,-0.346,-2.938,5.938,1.125
0.666,0.42,0.353,0.505,0.935,-0.034,-0.36,-2.875,8.375,5.375
0.666,0.421,0.354,0.504,0.952,-0.027,-0.362,-1.5,6.062,6.938
0.667,0.42,0.354,0.503,0.928,-0.019,-0.351,-0.312,1.75,9.688
0.667,0.42,0.355,0.502,0.894,-0.044,-0.359,-0.25,1.75,10.438
0.668,0.419,0.356,0.501,0.908,-0.063,-0.367,0,3.438,7.5
0.668,0.419,0.357,0.501,0.911,-0.065,-0.347,0.812,2.188,3.312
0.668,0.419,0.357,0.501,0.917,-0.061,-0.338,0.562,-1.375,-0.25
0.668,0.418,0.357,0.502,0.916,-0.062,-0.331,0.312,-2.625,-3.812
0.667,0.418,0.357,0.503,0.917,-0.057,-0.331,0.625,-1.562,-6.812
0.666,0.418,0.356,0.504,0.911,-0.051,-0.333,1.188,-2.75,-8.625
0.666,0.418,0.355,0.505,0.918,-0.041,-0.331,0.562,-4.938,-9.5
0.665,0.418,0.354,0.507,0.931,-0.04,-0.334,-1.188,-5.562,-6.812
0.666,0.418,0.353,0.507,0.942,-0.031,-0.364,-1.875,-6.5,-2.188
0.666,0.417,0.352,0.508,0.93,-0.035,-0.375,-3.562,-7,1.062
0.667,0.417,0.352,0.507,0.941,-0.033,-0.361,-6.812,-6.5,4.188
0.669,0.417,0.351,0.506,0.964,-0.028,-0.353,-7.875,-3.938,7.875
0.67,0.416,0.351,0.505,0.961,-0.024,-0.37,-5.938,-3,10.562
0.671,0.415,0.351,0.504,0.946,-0.045,-0.378,-3.75,-5.375,10.062
0.672,0.414,0.351,0.503,0.93,-0.06,-0.362,-2.5,-5,7.375
0.672,0.414,0.351,0.503,0.934,-0.06,-0.358,-2.25,1,2.812
0.672,0.414,0.352,0.503,0.933,-0.065,-0.362,-1.375,3.438,1.875
0.676,0.452,0.385,0.435,0.998,-0.132,-0.266,-16.875,-4.125,2.438
0.678,0.453,0.383,0.434,0.933,-0.06,-0.322,-13,-1.5,3.125
0.678,0.453,0.382,0.435,0.896,-0.042,-0.318,-5.125,1.688,1
0.678,0.453,0.382,0.435,0.967,-0.108,-0.254,0.875,1.688,-3.812
0.677,0.453,0.382,0.436,1.026,-0.151,-0.235,3.125,-1.875,-7.938
0.676,0.452,0.382,0.438,0.999,-0.149,-0.252,3.938,-8.812,-11.438
0.676,0.451,0.38,0.442,0.954,-0.127,-0.255,4.688,-15.812,-17.188
0.675,0.451,0.378,0.445,0.935,-0.111,-0.239,2.875,-12.062,-20.25
0.674,0.452,0.377,0.447,0.951,-0.094,-0.229,-1.688,0.062,-16.375
0.673,0.454,0.376,0.448,0.968,-0.086,-0.242,-6,3.812,-10.875
0.672,0.455,0.375,0.448,0.984,-0.062,-0.281,-6.375,6.188,-8.5
0.671,0.456,0.373,0.45,0.989,-0.026,-0.302,-2.812,1.938,-9.312
0.67,0.456,0.372,0.452,0.973,-0.021,-0.258,1.875,-8.188,-10.688
0.67,0.456,0.37,0.455,0.955,-0.041,-0.247,2.812,-12.375,-13.125
0.669,0.455,0.368,0.457,0.924,-0.063,-0.263,0.188,-9.062,-13.625
0.668,0.456,0.367,0.459,0.904,-0.05,-0.279,-2,-1,-13
0.667,0.457,0.365,0.46,0.946,-0.035,-0.271,-4.375,1.438,-12.562
0.666,0.459,0.364,0.461,0.99,-0.027,-0.256,-6.562,3,-11.062
0.666,0.46,0.362,0.462,0.982,-0.003,-0.258,-7.812,-1.5,-9.312
0.666,0.461,0.36,0.463,0.951,0.004,-0.28,-6.375,-7.625,-6.25
0.667,0.46,0.357,0.464,0.953,-0.024,-0.289,-7.875,-12.75,-5.25
0.668,0.459,0.355,0.465,0.949,-0.018,-0.274,-8.562,-13.125,-4.438
0.669,0.459,0.353,0.466,0.943,-0.007,-0.279,-7.75,-9.812,-4.312
0.669,0.459,0.351,0.466,0.94,0,-0.294,-9,-5.312,-2.375
0.67,0.46,0.349,0.467,0.929,0.006,-0.306,-7.25,-3.375,-1.062
0.67,0.46,0.349,0.467,0.945,-0.022,-0.291,-6.125,-1.562,-1
0.671,0.46,0.348,0.466,0.977,-0.033,-0.273,-7.188,-4.5,-0.688
0.672,0.46,0.346,0.466,0.998,-0.036,-0.293,-6.688,-7.688,0.312
0.673,0.459,0.345,0.466,0.958,-0.055,-0.304,-7.438,-8.5,2.625
0.674,0.458,0.344,0.466,0.922,-0.061,-0.284,-7.875,-12.938,-1.312
0.675,0.458,0.342,0.467,0.947,-0.042,-0.286,-8.125,-8.812,-4.312
0.676,0.457,0.341,0.467,0.955,-0.036,-0.31,-6.188,-5.438,-1.188
0.676,0.457,0.34,0.467,0.939,-0.044,-0.307,-5.75,-7.438,-2.5
0.677,0.456,0.338,0.468,0.961,-0.05,-0.299,-7.25,-10.188,-4.812
0.678,0.456,0.336,0.469,0.959,-0.01,-0.336,-5.562,-9.812,-3.188
0.679,0.455,0.335,0.469,0.922,0.005,-0.33,-4.062,-8.812,-3.125
0.765,0.459,0.261,0.369,0.885,-0.038,-0.406,-3.438,4.75,-3.625
0.764,0.46,0.262,0.369,0.886,-0.042,-0.43,0.75,12.062,-2.062
0.762,0.462,0.263,0.369,0.895,-0.063,-0.415,5.312,17.375,-2.875
0.76,0.464,0.265,0.37,0.924,-0.065,-0.36,4.938,15.625,-7.688
0.758,0.466,0.266,0.371,0.95,-0.088,-0.349,4.188,12.75,-12.125
0.756,0.467,0.267,0.372,0.959,-0.087,-0.381,4.938,10.438,-9.625
0.755,0.467,0.268,0.374,0.966,-0.075,-0.384,6.188,1.438,-9.562
0.754,0.467,0.267,0.377,0.949,-0.045,-0.329,6.312,-4.688,-16.125
0.753,0.467,0.267,0.38,0.904,-0.054,-0.331,6.562,-5.875,-17
0.752,0.467,0.266,0.382,0.88,-0.058,-0.387,5.375,0.188,-14.75
0.75,0.468,0.266,0.384,0.906,-0.047,-0.388,2.562,3.5,-14.812
0.749,0.468,0.265,0.386,0.952,-0.022,-0.369,1.188,0.75,-12.375
0.748,0.468,0.265,0.388,0.942,-0.011,-0.378,1.25,-2.25,-11.062
0.748,0.468,0.263,0.39,0.912,-0.011,-0.374,0.188,-8.125,-12.375
0.749,0.467,0.261,0.392,0.927,-0.011,-0.388,-2.438,-11.938,-7.25
0.749,0.466,0.26,0.392,0.931,-0.01,-0.389,-3.5,-11.875,-2.062
0.75,0.464,0.259,0.393,0.916,0.001,-0.37,-5.188,-13.375,-0.062
0.751,0.463,0.257,0.393,0.914,-0.008,-0.374,-5.812,-12.312,-2.688
0.752,0.463,0.255,0.394,0.926,-0.023,-0.388,-6.875,-10.375,-2.25
0.753,0.462,0.254,0.394,0.934,-0.017,-0.404,-8.875,-9.938,-1.625
0.754,0.461,0.252,0.394,0.938,0.006,-0.401,-7.812,-13.562,-3.062
0.755,0.46,0.25,0.395,0.922,0.008,-0.393,-7.938,-11,-2.25
0.756,0.46,0.248,0.395,0.893,-0.006,-0.399,-7.25,-8.438,-1.625
0.737,0.452,0.34,0.369,0.97,-0.19,-0.297,-25.375,-3.5,3.812
0.738,0.453,0.338,0.368,0.936,-0.157,-0.306,-22,-4.188,-0.438
0.739,0.455,0.335,0.366,0.922,-0.152,-0.3,-21.875,0.812,-1.438
0.74,0.457,0.333,0.365,0.936,-0.161,-0.292,-19.688,4.062,-0.25
0.741,0.458,0.331,0.363,0.943,-0.177,-0.309,-17.062,1.438,-0.312
0.742,0.457,0.329,0.363,0.941,-0.197,-0.316,-15.25,-9.875,-2.438
0.744,0.457,0.327,0.363,0.931,-0.19,-0.313,-15.188,-13.188,-3.312
0.745,0.456,0.323,0.363,0.893,-0.137,-0.317,-16.562,-12.812,-7.5
0.746,0.457,0.319,0.364,0.887,-0.115,-0.315,-18.375,-11.438,-10.562
0.747,0.457,0.316,0.366,0.899,-0.125,-0.327,-15,-10.562,-15.688
0.747,0.457,0.312,0.368,0.919,-0.12,-0.34,-14.75,-13.688,-19.688
0.748,0.457,0.307,0.37,0.942,-0.092,-0.385,-12.938,-11.062,-19.438
0.748,0.457,0.304,0.373,0.911,-0.032,-0.4,-9,-9.938,-17.25
0.748,0.457,0.3,0.376,0.881,-0.037,-0.379,-7.062,-10.938,-13.562
0.748,0.457,0.298,0.378,0.947,-0.085,-0.354,-6.25,-11.438,-12.312
0.749,0.456,0.295,0.379,0.99,-0.111,-0.358,-8.062,-15.125,-13.312
0.75,0.455,0.293,0.381,0.959,-0.061,-0.392,-6.188,-16.625,-9.312
0.751,0.453,0.29,0.383,0.914,-0.042,-0.379,-3.5,-17.562,-7.5
0.752,0.452,0.288,0.385,0.919,-0.06,-0.371,-4.75,-17.25,-5.688
0.753,0.451,0.286,0.385,0.941,-0.082,-0.366,-7.312,-15.125,-4.625
0.753,0.45,0.284,0.386,0.947,-0.1,-0.372,-10.125,-9.688,-3.75
0.754,0.45,0.282,0.386,0.937,-0.065,-0.389,-12.812,-9.375,-3
0.755,0.45,0.279,0.386,0.926,-0.04,-0.383,-12.812,-10.25,-3.125
0.753,0.377,0.343,0.416,0.868,-0.17,-0.451,-0.812,2.938,5.75
0.753,0.377,0.344,0.415,0.862,-0.181,-0.438,-0.188,2.688,3.5
0.753,0.377,0.344,0.416,0.872,-0.198,-0.436,1.5,1.688,0.188
0.752,0.377,0.344,0.416,0.88,-0.199,-0.434,3.625,0.812,-3.812
0.751,0.377,0.345,0.418,0.868,-0.187,-0.443,4.812,0.5,-5.5
0.751,0.377,0.345,0.419,0.866,-0.205,-0.435,5.75,-0.625,-6.375
0.75,0.376,0.345,0.421,0.859,-0.203,-0.439,6.688,-0.938,-10.188
0.748,0.376,0.346,0.424,0.862,-0.195,-0.442,9.312,-2.812,-15.125
0.746,0.375,0.346,0.427,0.866,-0.207,-0.439,11.625,-5.438,-18.375
0.745,0.374,0.346,0.431,0.864,-0.201,-0.445,13.188,-6.5,-19.688
0.743,0.374,0.346,0.435,0.876,-0.2,-0.44,13,-4.5,-20.625
0.741,0.373,0.346,0.438,0.88,-0.194,-0.449,13.125,-3.062,-19
0.739,0.372,0.347,0.442,0.866,-0.175,-0.44,12.875,-5.375,-16.312
0.737,0.372,0.347,0.445,0.87,-0.175,-0.448,13.125,-6.812,-18.125
0.735,0.37,0.347,0.449,0.868,-0.181,-0.446,14.812,-8.375,-20.562
0.734,0.368,0.347,0.454,0.868,-0.176,-0.427,13.75,-15.062,-19.062
0.732,0.367,0.346,0.457,0.88,-0.184,-0.42,9.5,-13.938,-18.312
0.731,0.366,0.346,0.461,0.879,-0.184,-0.464,8.75,-5.75,-19.812
0.729,0.366,0.346,0.464,0.883,-0.153,-0.452,9.938,-2.5,-18.938
0.727,0.366,0.345,0.468,0.893,-0.159,-0.445,9.438,-8.625,-20.438
0.726,0.364,0.344,0.471,0.895,-0.177,-0.427,9.688,-16.875,-17.938
0.725,0.362,0.344,0.474,0.877,-0.175,-0.438,6.125,-13.75,-12.625
0.724,0.362,0.343,0.476,0.883,-0.15,-0.443,3,-5.25,-13.312
0.722,0.363,0.343,0.479,0.917,-0.137,-0.445,5.812,-1.062,-18.062
0.72,0.364,0.343,0.482,0.92,-0.111,-0.438,6.625,-1,-17.125
0.718,0.364,0.342,0.484,0.907,-0.116,-0.433,4.562,-2.312,-15.625
0.644,0.45,0.389,0.481,0.953,-0.069,-0.229,-0.438,-8.688,0.5
0.644,0.45,0.388,0.482,0.96,-0.042,-0.223,-1.5,-8.125,-2.25
0.643,0.45,0.388,0.482,0.946,-0.028,-0.249,0.812,1.75,-1.562
0.643,0.45,0.388,0.483,0.978,-0.029,-0.24,0.875,-1.375,-2.312
0.643,0.45,0.387,0.484,0.98,-0.051,-0.228,-1.25,-5.875,-4.625
0.642,0.45,0.387,0.485,0.966,-0.056,-0.229,0.938,-3.5,-5.688
0.642,0.45,0.387,0.485,0.962,-0.048,-0.247,-0.5,-1.688,-3
0.643,0.449,0.386,0.486,0.971,-0.057,-0.272,-2.688,-5.5,-0.188
0.643,0.449,0.385,0.486,0.968,-0.071,-0.255,-4.312,-7.75,-0.75
0.644,0.449,0.384,0.486,0.982,-0.06,-0.227,-5.812,-7,-1.562
0.645,0.449,0.383,0.486,0.982,-0.053,-0.229,-8.312,-6.125,2
0.646,0.449,0.382,0.485,0.982,-0.062,-0.229,-10.188,-6.812,2.25
0.648,0.448,0.38,0.485,0.967,-0.058,-0.265,-11.625,-10.938,0.875
0.649,0.448,0.378,0.485,0.96,-0.042,-0.272,-10.75,-12.562,-0.812
0.65,0.448,0.376,0.485,0.948,-0.037,-0.258,-11.062,-6.438,-1.562
0.65,0.449,0.375,0.485,0.95,-0.042,-0.243,-11.625,-2.375,-1.375
0.651,0.45,0.373,0.484,0.969,-0.051,-0.259,-13.875,-0.125,-0.5
0.652,0.451,0.371,0.484,0.979,-0.018,-0.281,-13.438,-4.625,-0.312
0.653,0.45,0.369,0.484,0.97,0.005,-0.3,-10.812,-9.125,-0.188
0.655,0.45,0.367,0.484,0.923,-0.01,-0.292,-8.438,-11.438,-0.125
0.71,0.398,0.371,0.447,0.934,-0.137,-0.37,11.625,4.062,1.375
0.709,0.398,0.373,0.448,0.912,-0.141,-0.346,10.125,2.25,3.625
0.708,0.398,0.374,0.448,0.892,-0.132,-0.361,9.938,3.438,0.062
0.707,0.397,0.375,0.449,0.898,-0.167,-0.349,9.312,1.25,-2
0.706,0.397,0.377,0.45,0.902,-0.171,-0.346,9.562,4.312,-3.5
0.704,0.398,0.378,0.45,0.905,-0.169,-0.334,5.75,10.812,-0.375
0.703,0.399,0.38,0.449,0.923,-0.169,-0.32,2,11.875,2.5
0.703,0.4,0.381,0.448,0.93,-0.164,-0.31,-0.688,8,1.375
0.702,0.402,0.381,0.448,0.942,-0.162,-0.306,-3.062,9.812,-1.438
0.701,0.404,0.382,0.446,0.948,-0.141,-0.317,-6.875,15.312,1.625
0.701,0.406,0.382,0.445,0.929,-0.128,-0.309,-10.125,10.625,5.562
0.701,0.408,0.381,0.443,0.92,-0.144,-0.3,-13,3.812,5.5
0.703,0.409,0.38,0.441,0.942,-0.197,-0.306,-20.75,2.75,6.312
0.705,0.411,0.378,0.437,0.927,-0.182,-0.292,-30.062,5.812,11.625
0.707,0.415,0.375,0.432,0.95,-0.166,-0.25,-38.625,9,8.438
0.709,0.42,0.371,0.428,0.934,-0.11,-0.292,-44,8.688,5.25
0.712,0.423,0.366,0.424,0.945,-0.111,-0.326,-45.75,2.125,6.25
0.716,0.426,0.361,0.419,0.933,-0.13,-0.353,-50.875,0.125,13.75
0.72,0.428,0.356,0.413,0.948,-0.186,-0.293,-53.438,-1.25,18.438
0.725,0.431,0.35,0.408,0.983,-0.109,-0.339,-51.312,-7.562,15.5
0.729,0.431,0.343,0.406,0.97,-0.083,-0.405,-46.312,-16.188,7.375
0.734,0.43,0.335,0.405,0.881,-0.055,-0.393,-40.688,-33,5.125
0.739,0.428,0.329,0.404,0.804,-0.072,-0.398,-33.938,-27,5.125
0.742,0.428,0.324,0.403,0.821,-0.126,-0.407,-30.375,-14.062,1.562
0.744,0.427,0.32,0.401,0.896,-0.146,-0.417,-28.75,-13.438,0.625
0.746,0.428,0.315,0.4,0.933,-0.109,-0.431,-27,-8.125,-2.75
0.748,0.428,0.311,0.401,0.862,-0.053,-0.42,-20.875,-10.188,-8.125
0.749,0.428,0.306,0.402,0.833,-0.053,-0.438,-16.938,-12.438,-9.438
0.745,0.44,0.297,0.404,0.938,-0.082,-0.364,-15.5,3.062,1.375
0.745,0.441,0.295,0.403,0.977,-0.075,-0.414,-13,-2.188,-1.125
0.746,0.44,0.293,0.405,0.999,-0.075,-0.425,-7.5,-14.375,-7
0.747,0.438,0.291,0.406,0.941,-0.079,-0.397,-2.812,-21.312,-6.75
0.748,0.436,0.289,0.408,0.866,-0.065,-0.399,-3.125,-17.812,-6.5
0.748,0.436,0.287,0.409,0.895,-0.083,-0.396,-4.625,-7.312,-6.312
0.749,0.436,0.287,0.409,0.937,-0.094,-0.438,-4.688,-2.438,-3.812
0.749,0.435,0.286,0.41,0.924,-0.093,-0.43,-2.312,-2,-2.875
0.749,0.435,0.286,0.411,0.904,-0.078,-0.381,-2.562,-8.312,-5.062
0.749,0.435,0.284,0.411,0.913,-0.056,-0.381,-4.438,-8.688,-4.625
0.749,0.435,0.284,0.411,0.889,-0.062,-0.408,-4.5,0.625,-0.875
0.749,0.435,0.284,0.41,0.892,-0.053,-0.44,-2.25,4.625,6.625
0.75,0.435,0.285,0.409,0.907,-0.051,-0.444,-0.125,3.938,8.625
0.749,0.435,0.287,0.408,0.92,-0.048,-0.417,3.188,8.188,8.438
0.749,0.436,0.289,0.407,0.887,-0.056,-0.422,4,10.188,9.688
0.748,0.437,0.29,0.406,0.905,-0.044,-0.419,3.75,18.438,4.125
0.746,0.439,0.293,0.406,0.918,-0.097,-0.366,5.625,16.75,1.188
0.745,0.44,0.294,0.406,0.941,-0.096,-0.385,4.188,9.25,-1.562
0.745,0.44,0.295,0.406,0.935,-0.091,-0.378,2.5,-0.938,3.5
0.746,0.438,0.296,0.405,0.909,-0.104,-0.387,1.062,-5.812,6.75
0.746,0.438,0.296,0.405,0.878,-0.108,-0.392,0,-0.438,3.812
0.746,0.438,0.297,0.404,0.892,-0.094,-0.381,-0.438,2.938,0.688
0.746,0.438,0.297,0.405,0.925,-0.082,-0.384,-1.938,-1.688,-1.688
0.746,0.437,0.295,0.406,0.922,-0.069,-0.393,-3.125,-11.125,-3.375
0.747,0.436,0.294,0.407,0.892,-0.08,-0.402,-2.312,-12.438,-4.562
0.747,0.434,0.293,0.408,0.859,-0.073,-0.417,-1.375,-10.562,-6.312
0.748,0.434,0.291,0.41,0.884,-0.053,-0.401,-3.625,-11.5,-7.375
0.651,0.357,0.441,0.504,0.938,-0.21,-0.294,8.062,2.938,2.562
0.65,0.358,0.443,0.503,0.933,-0.214,-0.278,6.625,6.562,2.25
0.649,0.358,0.444,0.503,0.954,-0.227,-0.293,4.438,6.75,1.75
0.649,0.357,0.445,0.503,0.96,-0.24,-0.298,3.875,2.312,1
0.648,0.357,0.446,0.503,0.923,-0.224,-0.301,2.688,2.688,1.25
0.648,0.357,0.447,0.503,0.91,-0.225,-0.28,2.375,2.25,-2
0.646,0.358,0.448,0.504,0.914,-0.218,-0.289,3.625,5.375,-6.688
0.645,0.358,0.448,0.505,0.924,-0.224,-0.297,4.438,4.188,-8.125
0.644,0.358,0.449,0.505,0.936,-0.218,-0.29,5.188,1.875,-4.875
0.643,0.358,0.45,0.506,0.931,-0.24,-0.285,5.438,1.625,-5.312
0.642,0.358,0.45,0.507,0.922,-0.235,-0.282,5.125,-0.938,-8.188
0.641,0.358,0.45,0.509,0.919,-0.237,-0.291,4.75,-2.375,-12.312
0.639,0.357,0.45,0.511,0.917,-0.236,-0.316,8.188,-1.125,-12.25
0.637,0.357,0.451,0.513,0.933,-0.224,-0.293,11.062,-2.562,-10.625
0.636,0.357,0.451,0.515,0.951,-0.218,-0.262,9.25,-0.438,-10.938
0.633,0.357,0.452,0.517,0.949,-0.201,-0.268,9.125,0.25,-12.062
0.632,0.357,0.453,0.518,0.943,-0.193,-0.297,9.062,1.062,-10.438
0.63,0.357,0.453,0.52,0.944,-0.195,-0.308,11.062,2.625,-9.25
0.628,0.357,0.454,0.522,0.948,-0.19,-0.298,11.812,2.438,-9.688
0.626,0.357,0.455,0.523,0.957,-0.184,-0.291,9.625,3.625,-8.375
0.624,0.357,0.456,0.524,0.95,-0.185,-0.285,8.188,1.625,-6.062
0.623,0.356,0.457,0.526,0.944,-0.184,-0.297,9.5,1.625,-4.938
0.622,0.355,0.458,0.527,0.954,-0.19,-0.281,9.938,0.5,-2.625
0.62,0.355,0.459,0.527,0.962,-0.19,-0.271,10.375,2.75,-1.812
0.619,0.354,0.461,0.528,0.95,-0.19,-0.287,10.312,2.375,0.438
0.619,0.353,0.462,0.528,0.953,-0.196,-0.292,11.875,1.438,2.375
0.599,0.414,0.456,0.511,0.975,-0.104,-0.205,-1.25,-2.625,-3.438
0.599,0.415,0.456,0.512,0.973,-0.096,-0.198,-0.625,2.125,-1.375
0.599,0.415,0.456,0.511,0.983,-0.12,-0.219,-0.062,1.812,1.812
0.599,0.414,0.456,0.511,0.991,-0.128,-0.192,1.188,-0.625,4.312
0.599,0.413,0.457,0.511,0.989,-0.121,-0.187,2.875,-1.75,4.188
0.599,0.413,0.458,0.512,0.961,-0.129,-0.195,3.062,0.5,-0.562
0.598,0.413,0.458,0.512,0.951,-0.135,-0.196,2.812,5.375,-6.312
0.596,0.414,0.458,0.513,0.949,-0.146,-0.193,2.938,4.25,-9.125
0.595,0.414,0.458,0.514,0.998,-0.134,-0.166,1.562,1.812,-8.438
0.595,0.414,0.459,0.514,0.976,-0.101,-0.195,0.875,0.812,-1.062
0.595,0.415,0.459,0.513,0.973,-0.104,-0.186,0,4.812,3.312
0.595,0.414,0.46,0.513,0.995,-0.111,-0.213,0.625,3.875,6.688
0.595,0.413,0.46,0.513,0.976,-0.136,-0.189,1.938,-2.938,3.562
0.595,0.412,0.46,0.514,0.969,-0.142,-0.17,1.125,-6.75,-2.688
0.595,0.412,0.459,0.515,0.986,-0.16,-0.143,-0.938,-11.562,-8.5
0.595,0.412,0.458,0.516,1,-0.171,-0.151,-6.5,-10.562,-10.438
0.595,0.412,0.455,0.518,1.011,-0.142,-0.147,-9,-14.938,-14
0.596,0.413,0.452,0.52,1.012,-0.125,-0.162,-11,-20.438,-13.562
0.597,0.413,0.449,0.52,0.979,-0.103,-0.178,-12.75,-13.625,-6
0.598,0.414,0.448,0.519,0.985,-0.111,-0.186,-14.312,-0.562,-1.062
0.599,0.415,0.447,0.518,1.037,-0.114,-0.194,-16.5,-2.5,-0.562
0.601,0.417,0.444,0.518,1.07,-0.096,-0.215,-17.625,-7,-2.938
0.602,0.417,0.441,0.52,0.979,-0.049,-0.225,-13.188,-17.75,-6.5
0.603,0.416,0.437,0.522,0.906,-0.02,-0.242,-11.375,-18.25,-7.375
0.603,0.417,0.435,0.522,0.908,-0.033,-0.25,-6.875,-0.688,-2.25
0.603,0.418,0.435,0.521,0.979,-0.075,-0.247,-6.75,6.688,0.562
0.603,0.419,0.435,0.521,0.999,-0.076,-0.23,-6.312,2.125,-1.812
0.715,0.443,0.306,0.445,0.921,-0.042,-0.394,-5.438,-11.188,-2.125
0.716,0.442,0.305,0.446,0.924,-0.028,-0.382,-3.25,-9.438,-2
0.716,0.442,0.304,0.446,0.919,-0.023,-0.378,-2.5,-1.375,-1.5
0.716,0.443,0.304,0.446,0.911,-0.029,-0.383,-2.625,5.5,0.5
0.715,0.444,0.305,0.446,0.936,-0.029,-0.395,-1.688,6.438,0.812
0.715,0.444,0.305,0.446,0.975,-0.035,-0.382,0.562,2.875,0.562
0.715,0.443,0.306,0.446,0.968,-0.034,-0.393,4.875,-2.875,3.688
0.715,0.441,0.307,0.446,0.939,-0.045,-0.381,8.125,-6.312,6
0.716,0.439,0.308,0.447,0.939,-0.056,-0.379,7.625,-5.562,5.375
0.716,0.438,0.31,0.447,0.912,-0.045,-0.402,8.75,-0.312,4.75
0.716,0.437,0.311,0.447,0.886,-0.035,-0.396,7.875,-1.312,4.938
0.716,0.436,0.312,0.448,0.914,-0.057,-0.366,7.125,-0.375,3.125
0.715,0.436,0.314,0.447,0.929,-0.068,-0.364,6.188,3.812,5.562
0.715,0.435,0.316,0.447,0.917,-0.07,-0.365,6.75,3.75,7
0.715,0.434,0.317,0.447,0.917,-0.06,-0.351,4.938,-1.562,3.562
0.715,0.434,0.317,0.448,0.909,-0.054,-0.334,3.5,-5.812,-1.562
0.715,0.433,0.316,0.448,0.877,-0.058,-0.365,0.75,-7.688,-1.562
0.716,0.432,0.316,0.449,0.88,-0.044,-0.36,-3.938,-7.062,0
0.717,0.431,0.314,0.449,0.908,-0.026,-0.373,-5.812,-10.75,0
0.717,0.431,0.312,0.45,0.937,-0.029,-0.376,-4.188,-10.938,-2.438
0.718,0.429,0.31,0.451,0.897,-0.023,-0.401,-3.25,-15.938,-2.812
0.719,0.427,0.308,0.453,0.879,-0.02,-0.409,-2.562,-20.562,-4
0.721,0.425,0.305,0.455,0.865,-0.025,-0.404,-4.5,-18.75,-5.75
0.721,0.424,0.303,0.456,0.86,-0.039,-0.397,-6.312,-11,-7.75
0.721,0.425,0.302,0.457,0.868,-0.035,-0.415,-7.688,1.062,-9.75
0.719,0.428,0.3,0.457,0.871,-0.032,-0.411,-9.375,9.062,-12.625
0.718,0.431,0.299,0.458,0.908,-0.021,-0.378,-10.812,11.875,-14.188
0.716,0.434,0.298,0.458,0.924,-0.02,-0.37,-10.125,15.188,-14.812
0.714,0.438,0.298,0.459,0.921,-0.029,-0.379,-8.125,17.312,-15.938
0.696,0.406,0.375,0.458,0.902,-0.131,-0.35,-18.688,-14,-8.062
0.698,0.407,0.371,0.458,0.916,-0.139,-0.352,-21.688,-11.938,-8.438
0.699,0.407,0.367,0.458,0.926,-0.131,-0.364,-22.25,-11.312,-6
0.701,0.408,0.363,0.458,0.921,-0.104,-0.355,-22.062,-8.938,-4.625
0.702,0.409,0.359,0.458,0.919,-0.117,-0.355,-21,-11.188,-4.938
0.704,0.409,0.356,0.458,0.941,-0.142,-0.342,-21.688,-17,-6.875
0.706,0.409,0.352,0.459,0.93,-0.146,-0.354,-21.188,-18.125,-7.75
0.708,0.409,0.347,0.46,0.922,-0.113,-0.378,-21.375,-18,-9.125
0.709,0.409,0.343,0.461,0.919,-0.094,-0.383,-21.375,-15.188,-11.5
0.71,0.41,0.339,0.462,0.926,-0.098,-0.365,-19.688,-11.312,-12.875
0.71,0.411,0.335,0.463,0.944,-0.093,-0.37,-17.688,-11,-14.438
0.71,0.412,0.331,0.464,0.957,-0.098,-0.366,-16.625,-15.312,-16.5
0.711,0.413,0.328,0.466,0.953,-0.093,-0.382,-16.25,-13.688,-15.188
0.711,0.413,0.324,0.467,0.924,-0.082,-0.403,-15.875,-11.562,-12.062
0.712,0.414,0.321,0.468,0.927,-0.076,-0.395,-17.5,-10.562,-10.75
0.713,0.414,0.317,0.468,0.939,-0.069,-0.395,-17.75,-12.312,-10.375
0.714,0.415,0.314,0.469,0.936,-0.06,-0.411,-17.438,-8.5,-9.625
0.714,0.416,0.311,0.469,0.911,-0.045,-0.423,-16.5,-7.5,-8.188
0.715,0.416,0.308,0.469,0.89,-0.042,-0.425,-16.438,-8.562,-6.812
0.716,0.417,0.305,0.47,0.9,-0.053,-0.424,-16.938,-8.562,-8.312
0.716,0.418,0.302,0.47,0.912,-0.053,-0.411,-16.188,-4.938,-8.438
0.717,0.419,0.3,0.47,0.896,-0.029,-0.43,-15.688,-1.5,-7.062
0.717,0.42,0.297,0.47,0.883,0.002,-0.454,-14.688,-3.062,-6.062
0.718,0.42,0.294,0.471,0.886,-0.016,-0.455,-12.75,-7.812,-7.062
0.718,0.42,0.292,0.471,0.895,-0.03,-0.446,-11.062,-8.312,-6.438
0.719,0.42,0.29,0.471,0.884,-0.033,-0.433,-10.938,-8.125,-3.375
0.684,0.327,0.406,0.51,0.818,-0.283,-0.394,106.625,-0.125,-30.438
0.674,0.321,0.416,0.519,0.844,-0.265,-0.368,101.312,-0.625,-33
0.664,0.314,0.424,0.529,0.866,-0.246,-0.334,89.875,-11.312,-37.188
0.656,0.308,0.43,0.539,0.884,-0.244,-0.346,77.125,-17.062,-42.25
0.647,0.304,0.435,0.547,0.883,-0.247,-0.342,68.375,-10.062,-40.75
0.639,0.301,0.439,0.555,0.871,-0.213,-0.364,58.25,-2.562,-37.688
0.632,0.3,0.443,0.561,0.882,-0.176,-0.369,45.375,4.25,-37.125
0.625,0.3,0.445,0.567,0.927,-0.188,-0.34,36.25,3.562,-37.25
0.619,0.3,0.447,0.572,0.919,-0.179,-0.358,27.5,-1,-33.625
0.615,0.3,0.447,0.576,0.893,-0.127,-0.391,20.75,0.188,-23
0.611,0.301,0.448,0.579,0.878,-0.094,-0.393,18.188,9.625,-16.188
0.607,0.302,0.451,0.58,0.888,-0.114,-0.396,17.75,18.688,-9.438
0.605,0.303,0.453,0.58,0.93,-0.145,-0.369,12.625,15.812,-6.688
0.603,0.304,0.454,0.581,0.941,-0.155,-0.373,6.438,9.125,-7.062
0.601,0.305,0.455,0.583,0.922,-0.144,-0.371,7,4.625,-10.625
0.599,0.305,0.455,0.584,0.887,-0.12,-0.391,8.188,4,-9.625
0.596,0.306,0.456,0.585,0.886,-0.123,-0.369,7.875,9.25,-8.562
0.594,0.308,0.458,0.585,0.924,-0.148,-0.337,4.562,17.688,-7.625
0.592,0.31,0.458,0.586,0.954,-0.161,-0.346,0.688,9.812,-9.312
0.591,0.311,0.458,0.587,0.945,-0.155,-0.356,2.125,0.938,-9.875
0.59,0.311,0.457,0.589,0.89,-0.134,-0.369,2.188,-1.938,-9.625
0.539,0.404,0.46,0.578,0.922,-0.021,-0.183,-4.125,-6.625,-2.125
0.538,0.405,0.46,0.578,0.97,-0.006,-0.199,-4.5,0.688,-7.75
0.537,0.406,0.46,0.579,0.959,-0.052,-0.227,2.25,11.812,-8.438
0.536,0.406,0.461,0.579,1.04,-0.053,-0.196,2.125,-0.312,-6.5
0.536,0.406,0.46,0.58,1.075,-0.016,-0.178,0.625,-10.688,-3.375
0.537,0.404,0.459,0.581,1.03,-0.059,-0.161,-1,-16.312,-1.938
0.538,0.403,0.457,0.582,1,-0.036,-0.245,-2.375,-13.188,3
0.539,0.401,0.458,0.582,0.965,-0.049,-0.209,0.812,-4.25,5.625
0.54,0.4,0.458,0.582,1.019,-0.078,-0.182,-2.062,-6.75,4.125
0.541,0.4,0.457,0.581,1.051,-0.036,-0.187,-6.625,-6.75,4.438
0.542,0.399,0.456,0.581,0.96,-0.004,-0.242,-4.625,-6.938,4.812
0.543,0.399,0.456,0.581,0.963,0,-0.215,-2.875,-4.312,5.562
0.543,0.399,0.457,0.581,1,-0.02,-0.207,0.5,2.125,2.812
0.542,0.399,0.457,0.581,0.993,-0.033,-0.194,1.812,0.625,-1.562
0.542,0.399,0.457,0.581,0.975,-0.037,-0.188,-1,-0.938,-0.312
0.542,0.399,0.457,0.581,0.967,-0.005,-0.201,-1.375,-0.688,0.938
0.543,0.399,0.456,0.582,0.958,0.011,-0.223,-3.25,-6.188,0.562
0.543,0.398,0.454,0.583,0.949,0.005,-0.223,-4.062,-8.938,-1.5
0.544,0.398,0.453,0.583,0.957,-0.022,-0.227,-4.688,-10.312,-2
0.545,0.398,0.451,0.584,0.954,-0.027,-0.216,-7.125,-12.375,-0.938
0.546,0.397,0.449,0.585,0.94,-0.016,-0.223,-9.562,-12.312,-3.375
0.547,0.398,0.447,0.586,0.944,-0.005,-0.232,-10.25,-11.375,-4.688
0.548,0.398,0.445,0.586,0.95,0.007,-0.251,-7.375,-7.438,-4.125
0.548,0.399,0.443,0.587,0.975,0.009,-0.232,-5.875,-4.812,-4.875
0.547,0.399,0.442,0.588,0.981,-0.002,-0.251,-3.75,-3.5,-5.75
0.548,0.399,0.442,0.588,0.981,-0.022,-0.279,-1.438,-3.375,-3.562
0.548,0.398,0.44,0.589,0.985,-0.009,-0.255,-0.812,-7.312,-4.062
0.547,0.398,0.44,0.59,0.976,-0.022,-0.244,0.312,-1.625,-3.688
0.547,0.398,0.44,0.59,0.974,-0.029,-0.216,-0.688,-0.25,-3.875
0.547,0.398,0.44,0.591,1.006,-0.014,-0.223,-3.25,-7.875,-1.875
0.548,0.398,0.438,0.591,1,-0.009,-0.229,-5.062,-12.812,-0.875
0.549,0.397,0.436,0.592,0.959,-0.013,-0.227,-8.312,-13.062,-0.5
0.551,0.397,0.435,0.592,0.948,0.015,-0.25,-11.625,-9.562,1.812
0.553,0.398,0.433,0.591,0.957,0.027,-0.254,-13.562,-9.188,6.125
0.555,0.397,0.431,0.59,0.977,0.031,-0.249,-15.062,-12.812,10.062
0.558,0.397,0.428,0.59,0.982,0.026,-0.265,-13.75,-16.375,10.75
0.561,0.395,0.426,0.589,0.957,0.014,-0.284,-14.875,-18.75,11.75
0.565,0.394,0.423,0.589,0.939,0.005,-0.287,-15.688,-18.875,12.562
0.568,0.394,0.421,0.587,0.934,0.003,-0.261,-16.875,-14.188,12.062
0.571,0.394,0.419,0.586,0.969,-0.006,-0.256,-18.062,-11.875,13.5
0.574,0.393,0.418,0.584,0.983,-0.013,-0.294,-18.188,-12.438,15.312
0.578,0.392,0.415,0.583,0.952,-0.015,-0.31,-17.188,-14.625,14.375
0.647,0.358,0.451,0.5,0.933,-0.216,-0.302,8.438,0.812,-6.312
0.646,0.358,0.451,0.502,0.931,-0.212,-0.286,6.188,-4.062,-8.188
0.644,0.358,0.451,0.503,0.922,-0.208,-0.274,3.875,0,-7.75
0.644,0.359,0.452,0.503,0.93,-0.198,-0.276,0,3.125,-3.938
0.643,0.359,0.452,0.503,0.955,-0.213,-0.281,-2,1.438,-2
0.643,0.359,0.451,0.503,0.955,-0.215,-0.296,-2.875,-1.438,0.375
0.644,0.359,0.451,0.503,0.937,-0.209,-0.316,-3.5,-0.125,4.188
0.644,0.359,0.451,0.503,0.941,-0.2,-0.291,-1.812,-0.75,2.75
0.644,0.359,0.451,0.503,0.947,-0.211,-0.268,-4.812,-1.062,0.375
0.644,0.36,0.45,0.503,0.947,-0.195,-0.285,-3.25,-0.188,-1
0.644,0.359,0.45,0.503,0.919,-0.194,-0.305,-0.25,-0.812,-0.75
0.644,0.359,0.449,0.505,0.909,-0.2,-0.281,1.312,-6.25,-6.875
0.643,0.36,0.449,0.506,0.924,-0.205,-0.286,-1.312,2.125,-12
0.642,0.361,0.448,0.507,0.912,-0.199,-0.314,-1.812,0.188,-10.062
0.642,0.361,0.448,0.507,0.955,-0.2,-0.316,-2.312,3.938,-1.562
0.642,0.361,0.447,0.507,0.941,-0.198,-0.317,-2,-4.562,4.812
0.643,0.36,0.447,0.506,0.971,-0.199,-0.295,-1.812,-5.625,8.938
0.644,0.359,0.447,0.506,0.924,-0.206,-0.291,-1.25,-3.875,6.5
0.645,0.358,0.447,0.506,0.928,-0.206,-0.298,-2.5,-2.188,3.625
0.645,0.358,0.448,0.505,0.921,-0.218,-0.293,-2.125,2.375,1.562
0.645,0.358,0.448,0.505,0.95,-0.235,-0.284,-4.062,0.875,2.438
0.646,0.359,0.448,0.504,0.969,-0.233,-0.269,-5.25,-2.688,2.188
0.646,0.358,0.447,0.504,0.951,-0.23,-0.258,-6.75,-6.312,-0.375
0.647,0.359,0.445,0.504,0.93,-0.23,-0.25,-11.562,-7.938,-0.438
0.648,0.361,0.445,0.503,0.949,-0.225,-0.237,-15.812,2.312,-0.875
0.649,0.364,0.443,0.5,0.955,-0.194,-0.262,-23.188,9.312,1.875
0.61,0.364,0.451,0.54,0.976,-0.16,-0.288,-10.625,2,-0.438
0.61,0.365,0.45,0.54,0.956,-0.15,-0.322,-7.375,-2.562,-3.938
0.611,0.364,0.449,0.541,0.923,-0.142,-0.304,-3.25,-7,-3.938
0.611,0.364,0.448,0.542,0.933,-0.139,-0.275,-3.562,-4.125,-3.938
0.61,0.365,0.447,0.542,0.951,-0.156,-0.269,-4.875,1.688,-4.75
0.61,0.366,0.447,0.542,0.969,-0.135,-0.274,-4.938,-0.875,-2.625
0.61,0.366,0.446,0.543,0.956,-0.133,-0.27,-2.875,-6,-1.125
0.61,0.366,0.446,0.543,0.948,-0.132,-0.286,-0.5,-1,-3.688
0.61,0.366,0.445,0.544,0.943,-0.126,-0.295,-1.312,-0.562,-4.062
0.609,0.367,0.444,0.545,0.951,-0.119,-0.279,-4.562,-3.25,-4.75
0.61,0.367,0.443,0.545,0.946,-0.13,-0.299,-6.125,-3.625,-3.5
0.61,0.367,0.442,0.546,0.931,-0.133,-0.309,-7.062,-6.5,-2.438
0.611,0.367,0.441,0.546,0.957,-0.147,-0.307,-6.25,-2.375,-3.625
0.611,0.367,0.44,0.546,0.955,-0.127,-0.313,-4.5,-2.562,-2.25
0.611,0.368,0.439,0.547,0.942,-0.12,-0.27,-3.938,-5.125,-1.5
0.611,0.368,0.439,0.547,0.934,-0.129,-0.285,-4.812,-1.75,-2.875
0.611,0.368,0.438,0.547,0.96,-0.128,-0.296,-5.062,-1.688,-2.438
0.611,0.369,0.437,0.547,0.95,-0.113,-0.302,-5.562,0.375,0
0.611,0.369,0.437,0.547,0.965,-0.124,-0.289,-2.625,-0.312,-1
0.611,0.369,0.437,0.547,0.955,-0.147,-0.288,-1.625,0.125,-1.75
0.611,0.369,0.437,0.547,0.956,-0.16,-0.294,-2.25,-1.875,-4.75
0.611,0.37,0.436,0.548,0.969,-0.138,-0.299,-3.125,-2.375,-3.875
0.61,0.37,0.437,0.548,0.991,-0.113,-0.316,2.125,2.062,-0.75
0.61,0.369,0.438,0.548,0.972,-0.086,-0.314,7.125,4.375,5.25
0.556,0.294,0.443,0.639,0.915,-0.113,-0.388,-25.312,0.562,12.062
0.557,0.297,0.442,0.637,0.859,-0.107,-0.388,-20.812,8.688,4
0.558,0.3,0.441,0.636,0.893,-0.092,-0.416,-17.875,6.25,-3.312
0.558,0.302,0.44,0.636,0.909,-0.102,-0.4,-15.312,6,-6
0.559,0.304,0.438,0.635,0.924,-0.088,-0.405,-14.375,2.688,-2
0.559,0.305,0.437,0.634,0.921,-0.087,-0.403,-12.375,0.875,1.875
0.561,0.306,0.436,0.634,0.877,-0.08,-0.413,-11.688,0.625,4.188
0.561,0.307,0.436,0.633,0.897,-0.093,-0.391,-9.562,2.688,1.562
0.561,0.308,0.435,0.633,0.928,-0.094,-0.373,-7.75,4.25,-1.75
0.563,0.309,0.435,0.632,0.94,-0.102,-0.395,-10.125,-1.125,5.5
0.565,0.308,0.433,0.631,0.92,-0.109,-0.414,-12.125,-6.938,10.375
0.567,0.308,0.432,0.629,0.912,-0.116,-0.395,-13.188,-5.5,11.438
0.57,0.309,0.432,0.627,0.907,-0.143,-0.354,-16.188,1.125,16.062
0.573,0.31,0.432,0.624,0.949,-0.129,-0.365,-19.562,2.812,14.25
0.575,0.312,0.431,0.622,0.943,-0.09,-0.397,-19.812,-0.062,6.938
0.576,0.312,0.428,0.622,0.898,-0.08,-0.411,-16.375,-8.5,2.5
0.578,0.313,0.426,0.622,0.863,-0.083,-0.409,-12.875,-5.688,0.5
0.578,0.314,0.425,0.622,0.886,-0.107,-0.417,-11.812,1.312,-2.062
0.579,0.315,0.424,0.621,0.884,-0.115,-0.431,-9.562,4.5,1.75
0.58,0.316,0.424,0.62,0.873,-0.099,-0.414,-7.062,5.688,1.625
0.579,0.317,0.424,0.62,0.898,-0.086,-0.412,-4.625,6.625,-2.125
0.517,0.344,0.527,0.58,1.021,-0.172,-0.146,1.312,3.125,-0.5
0.516,0.344,0.528,0.58,0.998,-0.167,-0.127,2.375,-0.562,-3.438
0.515,0.344,0.528,0.58,0.955,-0.167,-0.14,0.375,2.375,-4.25
0.515,0.345,0.529,0.58,0.96,-0.177,-0.152,-3.75,5.812,-3.75
0.515,0.346,0.528,0.579,0.979,-0.175,-0.162,-7.688,4.375,-4
0.515,0.348,0.527,0.579,0.995,-0.166,-0.139,-10.312,0.062,-7.75
0.516,0.349,0.525,0.581,0.97,-0.112,-0.14,-11.875,-11.562,-10.562
0.516,0.35,0.521,0.583,0.925,-0.094,-0.159,-12.812,-20.75,-12
0.517,0.35,0.517,0.585,0.975,-0.141,-0.124,-12.188,-18.812,-13.188
0.518,0.351,0.514,0.586,1.008,-0.173,-0.114,-17.75,-17.312,-9.812
0.52,0.353,0.511,0.586,1.03,-0.142,-0.122,-24.062,-18.312,-10.812
0.522,0.355,0.505,0.588,0.989,-0.09,-0.161,-26.625,-22.875,-15.25
0.523,0.357,0.5,0.59,0.92,-0.067,-0.19,-25.312,-21.125,-16.688
0.525,0.36,0.495,0.591,0.973,-0.087,-0.17,-26.25,-16.5,-17.688
0.526,0.364,0.491,0.591,1.042,-0.09,-0.165,-30.188,-6.75,-16.938
0.526,0.369,0.488,0.591,1.073,-0.026,-0.253,-29.062,5.25,-15.75
0.525,0.372,0.484,0.592,0.96,0.031,-0.292,-17.625,0.625,-15
0.525,0.374,0.48,0.595,0.887,0.054,-0.279,-8.625,-9,-14.688
0.523,0.375,0.479,0.597,0.994,-0.02,-0.229,-0.688,-3,-13.812
0.523,0.376,0.479,0.597,1.034,-0.081,-0.209,-1.312,1.938,-7.125
0.524,0.375,0.477,0.597,1.01,-0.061,-0.222,-8.5,-9.5,1.062
0.526,0.375,0.475,0.598,1,-0.032,-0.215,-8.562,-17.625,2.562
0.526,0.374,0.473,0.599,0.939,-0.021,-0.227,-0.875,-13.25,-2.812
0.703,0.331,0.354,0.52,0.848,-0.156,-0.481,-16.75,-22.875,-8.938
0.705,0.33,0.35,0.521,0.857,-0.163,-0.479,-17.562,-18.438,-6.938
0.706,0.331,0.346,0.522,0.859,-0.134,-0.488,-19.625,-14.25,-4.125
0.707,0.332,0.343,0.522,0.831,-0.104,-0.509,-18.875,-7.625,-5
0.708,0.333,0.34,0.522,0.819,-0.1,-0.514,-16.375,-5.312,-5.125
0.708,0.334,0.338,0.523,0.861,-0.115,-0.507,-11.562,-3.188,-6.062
0.708,0.335,0.336,0.523,0.873,-0.134,-0.515,-8.938,-2.812,-6.062
0.708,0.335,0.335,0.524,0.852,-0.14,-0.517,-8.062,-3.562,-5.375
0.708,0.335,0.334,0.524,0.842,-0.143,-0.53,-7.062,-4.188,-5.125
0.708,0.335,0.332,0.525,0.847,-0.122,-0.519,-6.562,-9.062,-7.875
0.708,0.334,0.329,0.527,0.828,-0.108,-0.525,-7,-11.5,-9.125
0.708,0.334,0.328,0.528,0.823,-0.093,-0.523,-5.312,-6.625,-8.938
0.708,0.335,0.326,0.53,0.831,-0.088,-0.528,-3.438,-2.188,-9.125
0.707,0.336,0.326,0.53,0.84,-0.083,-0.527,-2.688,3.375,-6.875
0.706,0.337,0.326,0.531,0.833,-0.109,-0.526,-2.562,3.75,-6.438
0.706,0.337,0.325,0.532,0.84,-0.113,-0.531,-4.938,-1.562,-8.062
0.705,0.338,0.323,0.533,0.838,-0.077,-0.521,-5.375,-3.625,-9.062
0.705,0.339,0.322,0.533,0.849,-0.063,-0.505,-4.688,0.312,-4.625
0.705,0.339,0.322,0.533,0.854,-0.082,-0.512,-5.25,0.562,-2.625
0.705,0.34,0.321,0.534,0.873,-0.094,-0.54,-4.625,-2.438,-3.75
0.705,0.339,0.32,0.534,0.848,-0.097,-0.555,-2.312,-2.75,-3.062
0.705,0.339,0.32,0.535,0.849,-0.096,-0.535,-1.25,-5.75,-3.062
0.705,0.338,0.319,0.536,0.852,-0.103,-0.497,-1.625,-7.438,-4.875
0.704,0.338,0.318,0.537,0.844,-0.105,-0.528,-1.875,-4.688,-7.188
0.704,0.338,0.318,0.538,0.845,-0.079,-0.571,1.188,3.812,-3.75
0.703,0.338,0.319,0.538,0.844,-0.084,-0.542,4.125,4.25,1.062
0.703,0.338,0.32,0.537,0.867,-0.09,-0.498,3.812,-1.312,3.812
0.703,0.337,0.321,0.537,0.87,-0.094,-0.481,2.438,-1.75,2.812
0.703,0.337,0.322,0.537,0.834,-0.1,-0.518,1.062,-1.062,1.938
0.703,0.337,0.322,0.537,0.811,-0.092,-0.524,-0.375,2.125,1.938
0.703,0.337,0.322,0.537,0.839,-0.087,-0.508,-0.688,1.75,-0.75
0.684,0.351,0.354,0.533,0.848,-0.125,-0.457,31.562,23.062,1.625
0.681,0.351,0.36,0.533,0.851,-0.13,-0.445,30.062,24.312,0.188
0.677,0.351,0.366,0.533,0.852,-0.14,-0.434,27.562,23.812,-1.625
0.674,0.35,0.37,0.534,0.862,-0.138,-0.441,25.438,19.875,-2
0.672,0.35,0.374,0.535,0.864,-0.145,-0.43,23,15.188,-3.625
0.669,0.349,0.378,0.536,0.849,-0.155,-0.441,21.125,15.062,-3.938
0.667,0.349,0.382,0.536,0.833,-0.153,-0.442,18.625,16.25,-0.938
0.666,0.349,0.385,0.536,0.842,-0.141,-0.434,15.438,17.25,2.188
0.664,0.349,0.388,0.535,0.875,-0.146,-0.419,11.312,15.438,3.688
0.663,0.349,0.39,0.535,0.896,-0.146,-0.43,11.75,10.562,3.875
0.662,0.348,0.393,0.535,0.883,-0.148,-0.422,11.5,6.188,4.25
0.661,0.347,0.395,0.535,0.868,-0.148,-0.415,12.5,9.062,1.938
0.66,0.347,0.398,0.535,0.882,-0.139,-0.411,13.562,13.812,1.75
0.658,0.346,0.4,0.535,0.901,-0.136,-0.409,15.625,8,2.062
0.656,0.346,0.403,0.536,0.895,-0.142,-0.398,16.438,7.5,-0.375
0.655,0.345,0.405,0.537,0.889,-0.152,-0.389,17.188,8.438,-1.375
0.653,0.345,0.408,0.537,0.897,-0.15,-0.391,16.062,10.188,-0.75
0.651,0.345,0.41,0.538,0.902,-0.134,-0.387,14.312,10.25,-1.062
0.649,0.345,0.412,0.539,0.91,-0.142,-0.376,13.188,7.188,-3.625
0.647,0.344,0.414,0.54,0.911,-0.15,-0.363,13,4.938,-5.625
0.645,0.344,0.415,0.541,0.892,-0.134,-0.386,12.625,5.562,-4.438
0.537,0.255,0.441,0.672,0.905,-0.132,-0.429,-0.062,-0.875,-14
0.535,0.255,0.441,0.674,0.885,-0.118,-0.44,1.562,-2.938,-12.062
0.534,0.255,0.44,0.675,0.876,-0.121,-0.435,2.062,-2.938,-11.188
0.532,0.256,0.44,0.676,0.881,-0.121,-0.424,2.562,-3,-10.188
0.531,0.256,0.44,0.677,0.894,-0.127,-0.427,2.625,-2.25,-8.062
0.531,0.255,0.44,0.678,0.89,-0.131,-0.431,1.75,-1.875,-5.312
0.53,0.256,0.439,0.679,0.909,-0.113,-0.432,-1.938,-2.5,-5.812
0.529,0.257,0.438,0.68,0.908,-0.101,-0.424,-4.062,-3.625,-6.875
0.529,0.257,0.437,0.68,0.89,-0.094,-0.436,-4.375,-4.375,-5.188
0.529,0.258,0.436,0.681,0.895,-0.108,-0.443,-4.75,-4.062,-2.312
0.529,0.258,0.436,0.681,0.902,-0.109,-0.444,-5.938,-3,-0.125
0.531,0.258,0.435,0.68,0.893,-0.103,-0.46,-8.812,-1.25,4.312
0.532,0.259,0.434,0.679,0.892,-0.098,-0.448,-10.125,-1.562,7.938
0.534,0.259,0.433,0.678,0.924,-0.113,-0.447,-12.5,-2.438,9.125
0.536,0.26,0.433,0.677,0.906,-0.125,-0.43,-12.812,-5.062,9.812
0.538,0.26,0.432,0.676,0.877,-0.124,-0.421,-14.125,-3.75,9.25
0.54,0.261,0.431,0.674,0.882,-0.124,-0.413,-16,-0.938,4.625
0.541,0.264,0.43,0.673,0.902,-0.103,-0.413,-17.688,1.75,1.312
0.542,0.266,0.429,0.672,0.911,-0.094,-0.45,-18.812,4.188,1.312
0.543,0.268,0.428,0.671,0.892,-0.092,-0.458,-17.062,6.312,1.25
0.544,0.27,0.427,0.67,0.879,-0.087,-0.468,-16,5.812,2.875
0.545,0.273,0.427,0.668,0.89,-0.087,-0.44,-15.5,9.062,3.688
0.546,0.275,0.426,0.667,0.895,-0.072,-0.456,-15.125,7.125,4.125
0.547,0.276,0.425,0.666,0.892,-0.072,-0.469,-13.5,1.375,5.688
0.548,0.277,0.425,0.665,0.857,-0.092,-0.458,-11.125,2.438,4.438
0.549,0.278,0.424,0.664,0.853,-0.111,-0.452,-11.25,4.062,3.25
0.537,0.272,0.495,0.627,0.93,-0.11,-0.305,23.375,17.5,-31.125
0.531,0.274,0.496,0.63,0.917,-0.075,-0.36,20.562,12.562,-27.625
0.527,0.274,0.496,0.633,0.879,-0.072,-0.353,17.125,4.938,-22.25
0.523,0.276,0.497,0.635,0.881,-0.108,-0.328,12.562,9.812,-17.25
0.521,0.277,0.498,0.636,0.933,-0.125,-0.329,6.75,10.125,-11
0.519,0.278,0.498,0.637,0.956,-0.103,-0.313,4.188,3,-8.312
0.518,0.278,0.497,0.638,0.954,-0.099,-0.326,3.75,-2.875,-8.125
0.516,0.278,0.497,0.64,0.917,-0.109,-0.327,6.375,-3.188,-9.25
0.515,0.278,0.497,0.641,0.918,-0.115,-0.324,5.125,1.938,-5.25
0.514,0.278,0.497,0.642,0.924,-0.13,-0.316,2.375,2.125,-3.5
0.513,0.279,0.496,0.642,0.964,-0.128,-0.303,-0.438,-1.688,-2.625
0.513,0.279,0.496,0.643,0.964,-0.126,-0.306,-0.875,-5.438,-2.625
0.512,0.279,0.495,0.644,0.945,-0.144,-0.279,-0.25,-5.375,-5.812
0.511,0.28,0.496,0.644,0.939,-0.139,-0.282,1.062,3.312,-8
0.509,0.281,0.496,0.644,0.969,-0.131,-0.286,0.125,8.625,-8.562
0.508,0.283,0.496,0.644,0.957,-0.11,-0.298,-2.562,6.562,-7.812
0.507,0.285,0.497,0.644,0.973,-0.117,-0.307,-4,9.375,-4.562
0.507,0.285,0.498,0.643,0.987,-0.135,-0.34,-0.5,8.062,2.188
0.508,0.284,0.499,0.643,0.963,-0.135,-0.308,1.875,3.375,9.562
0.508,0.284,0.501,0.641,0.962,-0.157,-0.292,1.188,10.125,12.188
0.509,0.283,0.503,0.639,0.957,-0.178,-0.282,0.125,11.875,10.75
0.51,0.283,0.504,0.637,0.964,-0.182,-0.285,-0.938,8.125,9.875
0.51,0.283,0.505,0.636,0.946,-0.178,-0.29,-0.75,5.688,7.688
0.511,0.282,0.507,0.635,0.938,-0.17,-0.28,0.562,4.625,7.5
0.511,0.282,0.508,0.634,0.931,-0.168,-0.275,1.75,6.062,6.812
0.511,0.281,0.509,0.633,0.921,-0.166,-0.279,2.125,5.938,6.375
0.512,0.281,0.51,0.632,0.923,-0.165,-0.295,0.375,3.312,6.375
0.512,0.28,0.51,0.632,0.93,-0.167,-0.281,-1.375,-0.438,2.25
0.639,0.354,0.42,0.539,0.923,-0.127,-0.375,7.938,10.875,11.188
0.638,0.352,0.422,0.539,0.928,-0.174,-0.381,13,4.25,3.312
0.637,0.351,0.424,0.54,0.897,-0.168,-0.357,15.5,3.938,1.562
0.635,0.351,0.427,0.54,0.887,-0.139,-0.352,14.125,11.938,1.562
0.633,0.352,0.43,0.54,0.921,-0.158,-0.322,13.688,18.188,-4.5
0.63,0.352,0.432,0.54,0.938,-0.162,-0.317,14.812,12.125,-5.062
0.628,0.352,0.435,0.541,0.908,-0.178,-0.326,15.125,13.5,-4.812
0.625,0.353,0.438,0.541,0.931,-0.175,-0.34,14.375,14.312,-6
0.623,0.353,0.44,0.543,0.911,-0.159,-0.336,15.375,8.812,-6.812
0.62,0.353,0.442,0.543,0.932,-0.165,-0.345,13.75,13,-7.375
0.617,0.354,0.445,0.544,0.949,-0.147,-0.292,17.188,19.938,-6.625
0.613,0.354,0.448,0.545,0.938,-0.125,-0.339,23.938,18.688,-10.312
0.609,0.354,0.452,0.547,0.962,-0.172,-0.32,27.812,14.812,-12.125
0.605,0.354,0.456,0.549,0.946,-0.186,-0.297,26.688,15.375,-10.562
0.601,0.354,0.459,0.55,0.968,-0.179,-0.308,23.312,16.438,-8.375
0.599,0.353,0.462,0.551,0.98,-0.16,-0.279,20.5,10.188,-2.875
0.596,0.352,0.465,0.552,0.977,-0.165,-0.273,19.562,5.812,-1.875
0.594,0.351,0.467,0.553,0.958,-0.157,-0.269,18.75,6.688,-1.312
0.592,0.35,0.47,0.553,0.969,-0.142,-0.267,17.438,5.562,3.438
0.592,0.348,0.472,0.553,0.988,-0.159,-0.299,16.188,2.75,9.562
0.593,0.344,0.474,0.552,0.967,-0.199,-0.306,13.812,-1.438,18.25
0.594,0.34,0.476,0.552,0.941,-0.2,-0.249,12.5,-9.25,19.812
0.595,0.337,0.478,0.551,0.928,-0.222,-0.238,10.625,-7.375,15.875
0.711,0.339,0.265,0.557,0.803,-0.008,-0.631,26.562,30.938,13.812
0.708,0.341,0.274,0.554,0.848,-0.003,-0.598,29.938,48.25,16.75
0.705,0.344,0.285,0.552,0.918,-0.015,-0.575,34.188,50.062,19.312
0.702,0.344,0.294,0.55,0.941,-0.044,-0.563,36,37.062,18.125
0.7,0.343,0.303,0.548,0.9,-0.1,-0.551,39.188,27.812,19.375
0.698,0.341,0.312,0.546,0.859,-0.087,-0.538,38.312,30.688,21.812
0.696,0.341,0.322,0.544,0.822,-0.082,-0.517,39.812,37.188,22.938
0.694,0.34,0.332,0.541,0.838,-0.116,-0.516,40.562,39.5,20.938
0.69,0.34,0.343,0.539,0.866,-0.12,-0.489,44.562,43.562,20.75
0.687,0.338,0.353,0.537,0.862,-0.14,-0.495,48.875,40.688,21.125
0.684,0.335,0.364,0.536,0.857,-0.137,-0.488,52.875,31.5,22.562
0.681,0.331,0.374,0.535,0.826,-0.183,-0.461,57.062,22.938,18.562
0.678,0.327,0.383,0.536,0.805,-0.199,-0.456,56.312,18.812,10
0.673,0.324,0.391,0.537,0.813,-0.188,-0.443,54.438,23.625,3.438
0.669,0.32,0.399,0.539,0.828,-0.195,-0.43,53.438,17.562,2.312
0.665,0.316,0.406,0.542,0.854,-0.207,-0.426,53,6.938,-0.625
0.661,0.311,0.412,0.545,0.833,-0.218,-0.435,53.062,3.625,-3.5
0.656,0.307,0.418,0.548,0.804,-0.218,-0.412,52.125,3.375,-6.875
0.651,0.303,0.424,0.551,0.828,-0.224,-0.417,48.812,7.688,-9.875
0.71,0.357,0.246,0.555,0.735,0.144,-0.643,7.5,24.188,-6.312
0.708,0.359,0.249,0.555,0.767,0.146,-0.675,10.375,29.812,-1.062
0.706,0.361,0.252,0.554,0.823,0.124,-0.64,11.688,29.562,5.688
0.705,0.362,0.256,0.554,0.857,0.113,-0.661,14.875,19.562,11.375
0.705,0.361,0.261,0.552,0.822,0.071,-0.663,19.188,18.562,20.062
0.705,0.359,0.266,0.55,0.839,0.058,-0.647,23.75,20.75,26.125
0.705,0.357,0.273,0.548,0.835,0.02,-0.613,29.875,19.5,28.75
0.705,0.355,0.282,0.546,0.854,-0.025,-0.578,37.25,22.875,28.562
0.704,0.352,0.292,0.544,0.851,-0.057,-0.565,46.625,25.062,26.812
0.702,0.349,0.302,0.543,0.842,-0.075,-0.541,50.062,25.75,25.438
0.7,0.345,0.313,0.542,0.862,-0.124,-0.519,54.375,22.125,20.125
0.697,0.341,0.322,0.543,0.853,-0.119,-0.51,53.75,14.812,10.188
0.693,0.337,0.33,0.545,0.842,-0.115,-0.494,54.562,13.25,4.5
0.69,0.332,0.339,0.547,0.816,-0.126,-0.501,56.5,14.75,5.438
0.686,0.328,0.347,0.548,0.811,-0.145,-0.492,57.25,13.062,5.312
0.682,0.324,0.355,0.551,0.824,-0.142,-0.477,56.312,11.688,1.75
0.678,0.319,0.363,0.553,0.835,-0.148,-0.455,55.938,7.375,-0.312
0.675,0.314,0.369,0.556,0.816,-0.143,-0.473,53.125,1.625,-1.25
0.671,0.309,0.375,0.56,0.815,-0.153,-0.454,50.812,-2.875,-3.5
0.668,0.304,0.379,0.564,0.807,-0.157,-0.475,48.312,-4.125,-9.938
0.663,0.3,0.383,0.568,0.803,-0.148,-0.472,45.75,-2.375,-14.25
0.659,0.297,0.387,0.573,0.824,-0.154,-0.467,42.438,-3.438,-16.125
0.486,0.319,0.508,0.635,0.975,-0.102,-0.238,-9.438,-21.062,0.25
0.489,0.318,0.506,0.636,0.998,-0.117,-0.262,-11.062,-19.188,4.875
0.491,0.318,0.504,0.636,0.987,-0.098,-0.231,-10.312,-10.688,4.875
0.493,0.317,0.503,0.636,0.937,-0.083,-0.221,-8.75,-15.5,7.625
0.495,0.316,0.501,0.635,0.908,-0.107,-0.243,-10.438,-8.812,7.375
0.497,0.317,0.5,0.634,0.938,-0.124,-0.245,-14.688,-1.625,3.188
0.497,0.318,0.5,0.634,0.953,-0.089,-0.273,-9.875,4.562,0.938
0.497,0.318,0.499,0.635,0.986,-0.082,-0.295,-3.125,-2.75,-4.875
0.497,0.318,0.496,0.637,1.009,-0.101,-0.258,-2.688,-17.438,-11.125
0.497,0.317,0.493,0.639,0.986,-0.099,-0.228,-4.25,-23.75,-12
0.497,0.317,0.49,0.642,0.893,-0.085,-0.244,-5.938,-19.125,-13.188
0.497,0.318,0.488,0.643,0.86,-0.037,-0.268,-9.688,-10.062,-9.188
0.497,0.32,0.486,0.643,0.923,-0.034,-0.285,-11.688,0.5,-4.062
0.498,0.321,0.485,0.643,0.995,-0.036,-0.291,-9.812,2.75,0.062
0.499,0.322,0.484,0.642,1.027,-0.056,-0.294,-10.438,-5.125,3.062
0.5,0.322,0.482,0.643,0.986,-0.045,-0.296,-11.438,-12.875,0.25
0.502,0.321,0.478,0.645,0.956,-0.039,-0.288,-10.188,-24.688,-2.375
0.504,0.321,0.475,0.646,0.923,-0.045,-0.302,-11.375,-22.5,0.312
0.507,0.32,0.472,0.646,0.915,-0.054,-0.312,-13.688,-14.688,7.062
0.509,0.32,0.471,0.646,0.948,-0.06,-0.295,-13.5,-7.438,8.375
0.511,0.32,0.469,0.645,0.99,-0.055,-0.297,-11.625,-9.375,4.25
0.512,0.321,0.467,0.646,0.996,-0.046,-0.325,-11.438,-10.5,1.625
0.513,0.321,0.465,0.646,0.935,-0.034,-0.318,-9.062,-13.125,0.688
0.514,0.32,0.463,0.647,0.891,-0.041,-0.329,-8.438,-11.562,-0.688
0.515,0.321,0.461,0.647,0.917,-0.067,-0.312,-10,-6.562,-0.812
0.517,0.321,0.46,0.647,0.983,-0.065,-0.325,-10.062,-8.562,1.875
0.667,0.342,0.307,0.587,0.832,0,-0.531,-1.438,-0.062,0.062
0.667,0.342,0.307,0.587,0.834,-0.009,-0.538,-1.25,1.562,0.25
0.667,0.343,0.307,0.587,0.84,-0.018,-0.542,-2.062,1.5,0.188
0.666,0.343,0.307,0.587,0.85,-0.006,-0.535,-2.125,0,-0.812
0.666,0.343,0.307,0.587,0.842,-0.002,-0.53,-2.188,-0.938,-0.688
0.666,0.343,0.306,0.587,0.831,0.005,-0.531,-1.875,-1.312,-0.062
0.666,0.343,0.306,0.587,0.826,0.004,-0.532,-2.062,-0.312,-0.125
0.666,0.343,0.306,0.587,0.839,0.008,-0.526,-1.938,0.688,0.062
0.666,0.343,0.306,0.587,0.846,-0.002,-0.517,-1.312,0.938,0.188
0.666,0.343,0.307,0.587,0.839,-0.003,-0.536,-0.938,1.875,0.125
0.666,0.343,0.307,0.587,0.839,-0.01,-0.532,-1.125,0.688,0.062
0.666,0.343,0.307,0.587,0.839,-0.002,-0.535,-1.375,0.125,0.062
0.666,0.343,0.307,0.587,0.836,0.003,-0.541,-1.375,1,-0.375
0.666,0.343,0.307,0.587,0.842,-0.001,-0.527,-1.625,0.312,-0.125
0.666,0.344,0.307,0.587,0.842,-0.003,-0.527,-1.812,0.938,-0.5
0.666,0.344,0.307,0.587,0.843,0.001,-0.526,-1.438,1.375,-0.5
0.665,0.344,0.307,0.587,0.845,-0.004,-0.515,-0.375,0.562,-0.5
0.665,0.344,0.307,0.587,0.837,-0,-0.526,0.438,2.375,-0.812
0.664,0.345,0.308,0.587,0.832,-0.001,-0.527,0.625,3.812,-1.625
0.664,0.345,0.308,0.587,0.833,0.006,-0.529,1.125,4.875,-1.438
0.663,0.345,0.309,0.587,0.828,0.008,-0.522,0.938,4.812,0.312
0.663,0.345,0.31,0.587,0.818,-0.001,-0.512,1.188,3.125,3.312
0.663,0.346,0.311,0.586,0.834,0.012,-0.555,-0.312,8.375,2.625
0.662,0.348,0.312,0.586,0.851,0.034,-0.547,0.812,14.5,-3.312
0.659,0.349,0.313,0.588,1.006,0.013,-0.477,5.375,1.812,-12.312
0.658,0.348,0.312,0.59,0.926,0.013,-0.445,7.875,-14.062,-12.25
0.657,0.348,0.313,0.591,0.752,0.05,-0.492,5,5.812,-0.375
0.656,0.35,0.315,0.59,0.844,0.107,-0.542,4.5,19.938,0.875
